item,sales,day_of_week,sales_lag_1,sales_lag_2,sales_lag_3,sales_lag_7,is_holiday,temperature_2m_max,temperature_2m_min,precipitation_sum
Cake,9.0,6.0,,,,,1,11.8,4.8,2.1
Tea,4.5,6.0,,,,,1,11.8,4.8,2.1
Sandwich,20.0,6.0,,,,,1,11.8,4.8,2.1
Sandwich,20.0,6.0,20.0,,,,1,11.8,4.8,2.1
Juice,15.0,6.0,,,,,1,11.8,4.8,2.1
Salad,10.0,6.0,,,,,1,11.8,4.8,2.1
Sandwich/Smoothie,20.0,0.0,,,,,1,12.7,4.4,0.5
Sandwich,20.0,0.0,20.0,20.0,,,1,12.7,4.4,0.5
Smoothie,4.0,0.0,,,,,1,12.7,4.4,0.5
Cookie,4.0,0.0,,,,,1,12.7,4.4,0.5
Sandwich,20.0,0.0,20.0,20.0,20.0,,1,12.7,4.4,0.5
Salad,10.0,0.0,10.0,,,,1,12.7,4.4,0.5
Juice,12.0,1.0,15.0,,,,0,12.7,6.2,9.5
Cake,12.0,1.0,9.0,,,,0,12.7,6.2,9.5
Tea,3.0,1.0,4.5,,,,0,12.7,6.2,9.5
Cookie,2.0,1.0,4.0,,,,0,12.7,6.2,9.5
Coffee,6.0,1.0,,,,,0,12.7,6.2,9.5
Sandwich,16.0,1.0,20.0,20.0,20.0,,0,12.7,6.2,9.5
Salad,25.0,1.0,10.0,10.0,,,0,12.7,6.2,9.5
Coffee,4.0,2.0,6.0,,,,0,17.9,9.4,2.3
Sandwich/Smoothie,16.0,2.0,20.0,,,,0,17.9,9.4,2.3
Coffee,8.0,2.0,4.0,6.0,,,0,17.9,9.4,2.3
Tea,7.5,2.0,3.0,4.5,,,0,17.9,9.4,2.3
Coffee,8.0,3.0,8.0,4.0,6.0,,0,13.0,7.3,0.0
Cake,6.0,3.0,12.0,9.0,,,0,13.0,7.3,0.0
Sandwich,20.0,3.0,16.0,20.0,20.0,,0,13.0,7.3,0.0
Tea,3.0,3.0,7.5,3.0,4.5,,0,13.0,7.3,0.0
Cookie,2.0,3.0,2.0,4.0,,,0,13.0,7.3,0.0
Sandwich,16.0,3.0,20.0,16.0,20.0,,0,13.0,7.3,0.0
Smoothie,4.0,3.0,4.0,,,,0,13.0,7.3,0.0
Sandwich,4.0,3.0,16.0,20.0,16.0,20.0,0,13.0,7.3,0.0
Coffee,10.0,3.0,8.0,8.0,4.0,,0,13.0,7.3,0.0
Sandwich,16.0,3.0,4.0,16.0,20.0,20.0,0,13.0,7.3,0.0
Salad,10.0,4.0,25.0,10.0,10.0,,0,8.6,3.2,9.6
Sandwich,8.0,4.0,16.0,4.0,16.0,20.0,0,8.6,3.2,9.6
Juice,3.0,4.0,12.0,15.0,,,0,8.6,3.2,9.6
Cookie,1.0,4.0,2.0,2.0,4.0,,0,8.6,3.2,9.6
Tea,7.5,4.0,3.0,7.5,3.0,,0,8.6,3.2,9.6
Coffee,10.0,4.0,10.0,8.0,8.0,,0,8.6,3.2,9.6
Cookie,3.0,5.0,1.0,2.0,2.0,,0,8.1,0.4,0.0
Cookie,5.0,5.0,3.0,1.0,2.0,,0,8.1,0.4,0.0
Sandwich,12.0,6.0,8.0,16.0,4.0,20.0,0,4.1,-2.4,0.0
Cake,15.0,6.0,6.0,12.0,9.0,,0,4.1,-2.4,0.0
Salad,25.0,6.0,10.0,25.0,10.0,,0,4.1,-2.4,0.0
Salad,20.0,6.0,25.0,10.0,25.0,,0,4.1,-2.4,0.0
Tea,3.0,0.0,7.5,3.0,7.5,,0,7.1,0.6,1.5
Coffee,10.0,0.0,10.0,10.0,8.0,,0,7.1,0.6,1.5
Tea,3.0,0.0,3.0,7.5,3.0,,0,7.1,0.6,1.5
Salad,5.0,0.0,20.0,25.0,10.0,,0,7.1,0.6,1.5
Cookie,3.0,1.0,5.0,3.0,1.0,,0,6.2,-0.0,0.0
Coffee,4.0,1.0,10.0,10.0,10.0,6.0,0,6.2,-0.0,0.0
Juice,9.0,1.0,3.0,12.0,15.0,,0,6.2,-0.0,0.0
Tea,3.0,1.0,3.0,3.0,7.5,4.5,0,6.2,-0.0,0.0
Juice,3.0,1.0,9.0,3.0,12.0,,0,6.2,-0.0,0.0
Sandwich,20.0,2.0,12.0,8.0,16.0,16.0,0,3.8,-1.3,0.0
Cookie,3.0,2.0,3.0,5.0,3.0,4.0,0,3.8,-1.3,0.0
Smoothie,20.0,2.0,4.0,4.0,,,0,3.8,-1.3,0.0
Salad,15.0,2.0,5.0,20.0,25.0,10.0,0,3.8,-1.3,0.0
Sandwich,4.0,3.0,20.0,12.0,8.0,20.0,0,9.6,-0.7,11.9
Tea,6.0,3.0,3.0,3.0,3.0,3.0,0,9.6,-0.7,11.9
Juice,12.0,3.0,3.0,9.0,3.0,,0,9.6,-0.7,11.9
Smoothie,8.0,3.0,20.0,4.0,4.0,,0,9.6,-0.7,11.9
Smoothie,12.0,3.0,8.0,20.0,4.0,,0,9.6,-0.7,11.9
Juice,9.0,3.0,12.0,3.0,9.0,,0,9.6,-0.7,11.9
Coffee,8.0,3.0,4.0,10.0,10.0,4.0,0,9.6,-0.7,11.9
Smoothie,8.0,4.0,12.0,8.0,20.0,,0,12.6,3.0,1.6
Salad,25.0,4.0,15.0,5.0,20.0,10.0,0,12.6,3.0,1.6
Salad,25.0,4.0,25.0,15.0,5.0,25.0,0,12.6,3.0,1.6
Coffee,2.0,4.0,8.0,4.0,10.0,8.0,0,12.6,3.0,1.6
Cake,6.0,4.0,15.0,6.0,12.0,,0,12.6,3.0,1.6
Sandwich/Smoothie,20.0,4.0,16.0,20.0,,,0,12.6,3.0,1.6
Salad,20.0,5.0,25.0,25.0,15.0,10.0,0,2.8,-0.6,0.0
Juice,9.0,5.0,9.0,12.0,3.0,15.0,0,2.8,-0.6,0.0
Sandwich/Smoothie,16.0,5.0,20.0,16.0,20.0,,0,2.8,-0.6,0.0
Salad,20.0,5.0,20.0,25.0,25.0,25.0,0,2.8,-0.6,0.0
Salad,5.0,5.0,20.0,20.0,25.0,20.0,0,2.8,-0.6,0.0
Smoothie,20.0,5.0,8.0,12.0,8.0,,0,2.8,-0.6,0.0
Cake,6.0,6.0,6.0,15.0,6.0,,0,5.0,-1.8,0.0
Juice,12.0,6.0,9.0,9.0,12.0,12.0,0,5.0,-1.8,0.0
Coffee,4.0,6.0,2.0,8.0,4.0,8.0,0,5.0,-1.8,0.0
Sandwich,16.0,6.0,4.0,20.0,12.0,16.0,0,5.0,-1.8,0.0
Tea,7.5,6.0,6.0,3.0,3.0,7.5,0,5.0,-1.8,0.0
Sandwich,20.0,0.0,16.0,4.0,20.0,4.0,1,8.1,-2.5,0.0
Coffee,2.0,0.0,4.0,2.0,8.0,10.0,1,8.1,-2.5,0.0
Salad,5.0,0.0,5.0,20.0,20.0,5.0,1,8.1,-2.5,0.0
Cake,3.0,1.0,6.0,6.0,15.0,,0,7.3,-2.1,1.4
Juice,3.0,1.0,12.0,9.0,9.0,3.0,0,7.3,-2.1,1.4
Smoothie,20.0,1.0,20.0,8.0,12.0,4.0,0,7.3,-2.1,1.4
Coffee,6.0,1.0,2.0,4.0,2.0,10.0,0,7.3,-2.1,1.4
Juice,15.0,2.0,3.0,12.0,9.0,9.0,0,10.7,2.8,1.7
Cake,3.0,2.0,3.0,6.0,6.0,9.0,0,10.7,2.8,1.7
Cake,12.0,2.0,3.0,3.0,6.0,12.0,0,10.7,2.8,1.7
Coffee,10.0,3.0,6.0,2.0,4.0,10.0,0,5.5,2.3,23.5
Cake,15.0,3.0,12.0,3.0,3.0,6.0,0,5.5,2.3,23.5
Salad,5.0,3.0,5.0,5.0,20.0,15.0,0,5.5,2.3,23.5
Cake,15.0,3.0,15.0,12.0,3.0,15.0,0,5.5,2.3,23.5
Cookie,3.0,3.0,3.0,3.0,5.0,2.0,0,5.5,2.3,23.5
Tea,7.5,4.0,7.5,6.0,3.0,3.0,0,8.9,1.7,0.6
Tea,3.0,4.0,7.5,7.5,6.0,7.5,0,8.9,1.7,0.6
Salad,25.0,4.0,5.0,5.0,5.0,25.0,0,8.9,1.7,0.6
Coffee,10.0,4.0,10.0,6.0,2.0,4.0,0,8.9,1.7,0.6
Cookie,3.0,4.0,3.0,3.0,3.0,2.0,0,8.9,1.7,0.6
Cookie,5.0,4.0,3.0,3.0,3.0,1.0,0,8.9,1.7,0.6
Salad,20.0,5.0,25.0,5.0,5.0,25.0,0,6.0,-2.0,0.2
Cookie,5.0,6.0,5.0,3.0,3.0,3.0,0,5.5,-3.5,5.4
Sandwich,8.0,6.0,20.0,16.0,4.0,16.0,0,5.5,-3.5,5.4
Cookie,4.0,6.0,5.0,5.0,3.0,5.0,0,5.5,-3.5,5.4
Salad,10.0,6.0,20.0,25.0,5.0,20.0,0,5.5,-3.5,5.4
Smoothie,8.0,6.0,20.0,20.0,8.0,4.0,0,5.5,-3.5,5.4
Cookie,3.0,6.0,4.0,5.0,5.0,3.0,0,5.5,-3.5,5.4
Coffee,2.0,0.0,10.0,10.0,6.0,8.0,0,2.9,1.1,16.9
Sandwich,20.0,0.0,8.0,20.0,16.0,8.0,0,2.9,1.1,16.9
Cake/Juice,6.0,1.0,,,,,0,7.6,-1.2,0.0
Sandwich,8.0,1.0,20.0,8.0,20.0,12.0,0,7.6,-1.2,0.0
Juice,9.0,2.0,15.0,3.0,12.0,3.0,0,10.5,-2.5,20.0
Tea,7.5,2.0,3.0,7.5,7.5,3.0,0,10.5,-2.5,20.0
Sandwich,16.0,2.0,8.0,20.0,8.0,20.0,0,10.5,-2.5,20.0
Cake,3.0,2.0,15.0,15.0,12.0,6.0,0,10.5,-2.5,20.0
Tea,1.5,2.0,7.5,3.0,7.5,3.0,0,10.5,-2.5,20.0
Smoothie,20.0,2.0,8.0,20.0,20.0,20.0,0,10.5,-2.5,20.0
Juice,3.0,2.0,9.0,15.0,3.0,12.0,0,10.5,-2.5,20.0
Coffee,6.0,3.0,2.0,10.0,10.0,2.0,0,11.8,2.8,14.5
Juice,15.0,3.0,3.0,9.0,15.0,9.0,0,11.8,2.8,14.5
Cookie,1.0,4.0,3.0,4.0,5.0,3.0,0,6.0,-1.7,0.0
Smoothie,12.0,4.0,20.0,8.0,20.0,8.0,0,6.0,-1.7,0.0
Coffee,4.0,4.0,6.0,2.0,10.0,4.0,0,6.0,-1.7,0.0
Cake,9.0,4.0,3.0,15.0,15.0,6.0,0,6.0,-1.7,0.0
Salad,10.0,4.0,10.0,20.0,25.0,20.0,0,6.0,-1.7,0.0
Cookie,2.0,4.0,1.0,3.0,4.0,3.0,0,6.0,-1.7,0.0
Sandwich,8.0,4.0,16.0,8.0,20.0,4.0,0,6.0,-1.7,0.0
Coffee,8.0,4.0,4.0,6.0,2.0,2.0,0,6.0,-1.7,0.0
Tea,6.0,4.0,1.5,7.5,3.0,3.0,0,6.0,-1.7,0.0
Juice,15.0,5.0,15.0,3.0,9.0,9.0,0,10.8,-0.9,0.0
Cookie,4.0,5.0,2.0,1.0,3.0,3.0,0,10.8,-0.9,0.0
Salad,20.0,5.0,10.0,10.0,20.0,5.0,0,10.8,-0.9,0.0
Juice,6.0,5.0,15.0,15.0,3.0,12.0,0,10.8,-0.9,0.0
Tea,7.5,5.0,6.0,1.5,7.5,6.0,0,10.8,-0.9,0.0
Smoothie,4.0,5.0,12.0,20.0,8.0,12.0,0,10.8,-0.9,0.0
Sandwich,12.0,6.0,8.0,16.0,8.0,16.0,0,10.4,0.0,0.0
Coffee,2.0,6.0,8.0,4.0,6.0,6.0,0,10.4,0.0,0.0
Sandwich,20.0,6.0,12.0,8.0,16.0,20.0,0,10.4,0.0,0.0
Sandwich/Smoothie,20.0,6.0,16.0,20.0,16.0,,0,10.4,0.0,0.0
Tea,6.0,6.0,7.5,6.0,1.5,7.5,0,10.4,0.0,0.0
Cake/Juice,12.0,0.0,6.0,,,,0,11.6,2.3,0.0
Coffee,8.0,0.0,2.0,8.0,4.0,10.0,0,11.6,2.3,0.0
Juice,15.0,0.0,6.0,15.0,15.0,3.0,0,11.6,2.3,0.0
Sandwich,20.0,0.0,20.0,12.0,8.0,8.0,0,11.6,2.3,0.0
Cake,9.0,0.0,9.0,3.0,15.0,3.0,0,11.6,2.3,0.0
Cake,9.0,0.0,9.0,9.0,3.0,3.0,0,11.6,2.3,0.0
Cookie,3.0,0.0,4.0,2.0,1.0,5.0,0,11.6,2.3,0.0
Cake,6.0,1.0,9.0,9.0,9.0,12.0,0,6.4,0.4,2.5
Cake,9.0,1.0,6.0,9.0,9.0,15.0,0,6.4,0.4,2.5
Tea,6.0,1.0,6.0,7.5,6.0,7.5,0,6.4,0.4,2.5
Salad,5.0,2.0,20.0,10.0,10.0,5.0,0,3.1,-3.4,1.6
Cookie,4.0,2.0,3.0,4.0,2.0,5.0,0,3.1,-3.4,1.6
Cake,9.0,2.0,9.0,6.0,9.0,15.0,0,3.1,-3.4,1.6
Coffee,6.0,2.0,8.0,2.0,8.0,10.0,0,3.1,-3.4,1.6
Cookie,2.0,2.0,4.0,3.0,4.0,4.0,0,3.1,-3.4,1.6
Sandwich/Smoothie,16.0,3.0,20.0,16.0,20.0,,0,4.0,-4.5,0.0
Cake/Juice,12.0,3.0,12.0,6.0,,,0,4.0,-4.5,0.0
Juice,9.0,3.0,15.0,6.0,15.0,15.0,0,4.0,-4.5,0.0
Cake/Juice,6.0,3.0,12.0,12.0,6.0,,0,4.0,-4.5,0.0
Cake,15.0,4.0,9.0,9.0,6.0,3.0,0,0.2,-10.8,0.0
Coffee,8.0,4.0,6.0,8.0,2.0,2.0,0,0.2,-10.8,0.0
Sandwich,4.0,4.0,20.0,20.0,12.0,20.0,0,0.2,-10.8,0.0
Juice,9.0,5.0,9.0,15.0,6.0,9.0,0,-4.0,-16.6,0.0
Smoothie,8.0,5.0,4.0,12.0,20.0,8.0,0,-4.0,-16.6,0.0
Cookie,4.0,5.0,2.0,4.0,3.0,3.0,0,-4.0,-16.6,0.0
Coffee,6.0,5.0,8.0,6.0,8.0,6.0,0,-4.0,-16.6,0.0
Smoothie,8.0,5.0,8.0,4.0,12.0,20.0,0,-4.0,-16.6,0.0
Coffee,4.0,5.0,6.0,8.0,6.0,4.0,0,-4.0,-16.6,0.0
Cookie,4.0,5.0,4.0,2.0,4.0,1.0,0,-4.0,-16.6,0.0
Sandwich,8.0,5.0,4.0,20.0,20.0,8.0,0,-4.0,-16.6,0.0
Tea,3.0,6.0,6.0,6.0,7.5,3.0,0,9.0,-4.8,0.0
Salad,10.0,6.0,5.0,20.0,10.0,5.0,0,9.0,-4.8,0.0
Cookie,4.0,0.0,4.0,4.0,2.0,2.0,0,10.1,-1.1,0.0
Sandwich,12.0,0.0,8.0,4.0,20.0,16.0,0,10.1,-1.1,0.0
Tea,3.0,0.0,3.0,6.0,6.0,7.5,0,10.1,-1.1,0.0
Cookie,2.0,0.0,4.0,4.0,4.0,4.0,0,10.1,-1.1,0.0
Cake/Juice,15.0,0.0,6.0,12.0,12.0,,0,10.1,-1.1,0.0
Juice,15.0,0.0,9.0,9.0,15.0,3.0,0,10.1,-1.1,0.0
Juice,6.0,0.0,15.0,9.0,9.0,15.0,0,10.1,-1.1,0.0
Sandwich/Smoothie,12.0,0.0,16.0,20.0,16.0,,0,10.1,-1.1,0.0
Cookie,2.0,1.0,2.0,4.0,4.0,3.0,0,3.6,-4.2,2.6
Juice,6.0,1.0,6.0,15.0,9.0,15.0,0,3.6,-4.2,2.6
Juice,15.0,1.0,6.0,6.0,15.0,6.0,0,3.6,-4.2,2.6
Tea,7.5,1.0,3.0,3.0,6.0,1.5,0,3.6,-4.2,2.6
Smoothie,4.0,1.0,8.0,8.0,4.0,20.0,0,3.6,-4.2,2.6
Cookie,2.0,2.0,2.0,2.0,4.0,4.0,0,10.3,1.0,0.7
Sandwich/Smoothie,8.0,2.0,12.0,16.0,20.0,20.0,0,10.3,1.0,0.7
Smoothie,4.0,2.0,4.0,8.0,8.0,8.0,0,10.3,1.0,0.7
Cake,3.0,2.0,15.0,9.0,9.0,9.0,0,10.3,1.0,0.7
Tea,7.5,2.0,7.5,3.0,3.0,6.0,0,10.3,1.0,0.7
Coffee,8.0,2.0,4.0,6.0,8.0,8.0,0,10.3,1.0,0.7
Tea,1.5,2.0,7.5,7.5,3.0,7.5,0,10.3,1.0,0.7
Sandwich/Smoothie,4.0,2.0,8.0,12.0,16.0,16.0,0,10.3,1.0,0.7
Tea,3.0,2.0,1.5,7.5,7.5,6.0,0,10.3,1.0,0.7
Salad,25.0,2.0,10.0,5.0,20.0,25.0,0,10.3,1.0,0.7
Tea,4.5,2.0,3.0,1.5,7.5,6.0,0,10.3,1.0,0.7
Cake,6.0,2.0,3.0,15.0,9.0,9.0,0,10.3,1.0,0.7
Juice,9.0,3.0,15.0,6.0,6.0,15.0,0,11.0,-1.9,0.0
Coffee,10.0,3.0,8.0,4.0,6.0,2.0,0,11.0,-1.9,0.0
Juice,9.0,3.0,9.0,15.0,6.0,9.0,0,11.0,-1.9,0.0
,,3.0,,,,,0,11.0,-1.9,0.0
Salad,15.0,3.0,25.0,10.0,5.0,20.0,0,11.0,-1.9,0.0
Cake,15.0,3.0,6.0,3.0,15.0,9.0,0,11.0,-1.9,0.0
Coffee,6.0,4.0,10.0,8.0,4.0,8.0,0,14.0,5.9,0.0
Sandwich/Smoothie,20.0,4.0,4.0,8.0,12.0,20.0,0,14.0,5.9,0.0
Salad,5.0,4.0,15.0,25.0,10.0,10.0,0,14.0,5.9,0.0
Smoothie,20.0,4.0,4.0,4.0,8.0,20.0,0,14.0,5.9,0.0
Sandwich,4.0,4.0,12.0,8.0,4.0,8.0,0,14.0,5.9,0.0
Cake/Juice,15.0,4.0,15.0,6.0,12.0,,0,14.0,5.9,0.0
Coffee,2.0,4.0,6.0,10.0,8.0,6.0,0,14.0,5.9,0.0
Coffee,6.0,4.0,2.0,6.0,10.0,8.0,0,14.0,5.9,0.0
Smoothie,16.0,4.0,20.0,4.0,4.0,12.0,0,14.0,5.9,0.0
Smoothie,20.0,5.0,16.0,20.0,4.0,4.0,0,6.6,0.3,0.0
Cake,12.0,5.0,15.0,6.0,3.0,6.0,0,6.6,0.3,0.0
Sandwich,20.0,5.0,4.0,12.0,8.0,12.0,0,6.6,0.3,0.0
Cake,6.0,5.0,12.0,15.0,6.0,9.0,0,6.6,0.3,0.0
Salad,25.0,5.0,5.0,15.0,25.0,10.0,0,6.6,0.3,0.0
Cookie,3.0,5.0,2.0,2.0,2.0,2.0,0,6.6,0.3,0.0
Sandwich,16.0,6.0,20.0,4.0,12.0,20.0,0,6.7,-0.7,0.8
Tea,1.5,0.0,4.5,3.0,1.5,3.0,0,13.2,2.4,1.8
Tea,6.0,0.0,1.5,4.5,3.0,3.0,0,13.2,2.4,1.8
Tea,4.5,1.0,6.0,1.5,4.5,7.5,0,11.3,2.4,0.0
Juice,12.0,1.0,9.0,9.0,15.0,9.0,0,11.3,2.4,0.0
Salad,15.0,2.0,25.0,5.0,15.0,20.0,0,16.9,2.9,0.0
Cookie,2.0,2.0,3.0,2.0,2.0,4.0,0,16.9,2.9,0.0
Salad,5.0,2.0,15.0,25.0,5.0,5.0,0,16.9,2.9,0.0
Smoothie,8.0,2.0,20.0,16.0,20.0,8.0,0,16.9,2.9,0.0
Juice,6.0,2.0,12.0,9.0,9.0,15.0,0,16.9,2.9,0.0
Cookie,3.0,3.0,2.0,3.0,2.0,4.0,0,19.1,9.1,2.9
Cookie,1.0,3.0,3.0,2.0,3.0,4.0,0,19.1,9.1,2.9
Salad,15.0,3.0,5.0,15.0,25.0,10.0,0,19.1,9.1,2.9
Coffee,4.0,3.0,6.0,2.0,6.0,6.0,0,19.1,9.1,2.9
Salad,25.0,3.0,15.0,5.0,15.0,25.0,0,19.1,9.1,2.9
Cookie,3.0,3.0,1.0,3.0,2.0,2.0,0,19.1,9.1,2.9
Sandwich,8.0,4.0,16.0,20.0,4.0,20.0,0,15.3,0.2,8.1
Cookie,3.0,4.0,3.0,1.0,3.0,2.0,0,15.3,0.2,8.1
Cake/Juice,3.0,5.0,15.0,15.0,6.0,,0,5.6,-2.8,0.0
Sandwich,12.0,5.0,8.0,16.0,20.0,4.0,0,5.6,-2.8,0.0
Salad,10.0,5.0,25.0,15.0,5.0,15.0,0,5.6,-2.8,0.0
Coffee,10.0,5.0,4.0,6.0,2.0,4.0,0,5.6,-2.8,0.0
Cake/Juice,15.0,5.0,3.0,15.0,15.0,6.0,0,5.6,-2.8,0.0
Cookie,5.0,6.0,3.0,3.0,1.0,2.0,0,8.0,-0.5,0.0
Juice,9.0,6.0,6.0,12.0,9.0,6.0,0,8.0,-0.5,0.0
Coffee,8.0,6.0,10.0,4.0,6.0,8.0,0,8.0,-0.5,0.0
Sandwich/Smoothie,8.0,6.0,20.0,4.0,8.0,16.0,0,8.0,-0.5,0.0
Smoothie,4.0,6.0,8.0,20.0,16.0,8.0,0,8.0,-0.5,0.0
Tea,6.0,6.0,4.5,6.0,1.5,7.5,0,8.0,-0.5,0.0
Cake,6.0,6.0,6.0,12.0,15.0,9.0,0,8.0,-0.5,0.0
Juice,15.0,0.0,9.0,6.0,12.0,6.0,1,15.2,5.4,0.0
Salad,5.0,0.0,10.0,25.0,15.0,5.0,1,15.2,5.4,0.0
Smoothie,4.0,0.0,4.0,8.0,20.0,4.0,1,15.2,5.4,0.0
Cookie,2.0,0.0,5.0,3.0,3.0,3.0,1,15.2,5.4,0.0
Juice,3.0,0.0,15.0,9.0,6.0,15.0,1,15.2,5.4,0.0
Sandwich,16.0,0.0,12.0,8.0,16.0,8.0,1,15.2,5.4,0.0
Tea,1.5,0.0,6.0,4.5,6.0,1.5,1,15.2,5.4,0.0
Salad,25.0,0.0,5.0,10.0,25.0,25.0,1,15.2,5.4,0.0
Coffee,10.0,1.0,8.0,10.0,4.0,10.0,0,8.2,1.9,7.1
Coffee,10.0,1.0,10.0,8.0,10.0,6.0,0,8.2,1.9,7.1
Coffee,10.0,1.0,10.0,10.0,8.0,2.0,0,8.2,1.9,7.1
Tea,3.0,1.0,1.5,6.0,4.5,3.0,0,8.2,1.9,7.1
Smoothie,16.0,1.0,4.0,4.0,8.0,4.0,0,8.2,1.9,7.1
Juice,3.0,1.0,3.0,15.0,9.0,9.0,0,8.2,1.9,7.1
Coffee,8.0,2.0,10.0,10.0,10.0,6.0,0,5.5,-0.9,4.4
Sandwich,16.0,2.0,16.0,12.0,8.0,12.0,0,5.5,-0.9,4.4
Cake/Juice,9.0,2.0,15.0,3.0,15.0,12.0,0,5.5,-0.9,4.4
Sandwich,16.0,2.0,16.0,16.0,12.0,4.0,0,5.5,-0.9,4.4
Tea,3.0,3.0,3.0,1.5,6.0,4.5,0,7.6,2.5,0.6
Cookie,2.0,3.0,2.0,5.0,3.0,2.0,0,7.6,2.5,0.6
Sandwich,20.0,3.0,16.0,16.0,16.0,20.0,0,7.6,2.5,0.6
Smoothie,20.0,3.0,16.0,4.0,4.0,20.0,0,7.6,2.5,0.6
Salad,20.0,3.0,25.0,5.0,10.0,15.0,0,7.6,2.5,0.6
Juice,15.0,4.0,3.0,3.0,15.0,9.0,0,7.3,-2.2,0.0
Juice,12.0,4.0,15.0,3.0,3.0,12.0,0,7.3,-2.2,0.0
Juice,12.0,4.0,12.0,15.0,3.0,6.0,0,7.3,-2.2,0.0
Juice,6.0,4.0,12.0,12.0,15.0,9.0,0,7.3,-2.2,0.0
Sandwich,20.0,4.0,20.0,16.0,16.0,16.0,0,7.3,-2.2,0.0
Salad,10.0,4.0,20.0,25.0,5.0,5.0,0,7.3,-2.2,0.0
Coffee,4.0,4.0,8.0,10.0,10.0,4.0,0,7.3,-2.2,0.0
Coffee,4.0,4.0,4.0,8.0,10.0,10.0,0,7.3,-2.2,0.0
Salad,20.0,5.0,10.0,20.0,25.0,15.0,0,0.1,-5.7,0.7
Sandwich,20.0,5.0,20.0,20.0,16.0,8.0,0,0.1,-5.7,0.7
Smoothie,12.0,5.0,20.0,16.0,4.0,16.0,0,0.1,-5.7,0.7
Sandwich,16.0,5.0,20.0,20.0,20.0,12.0,0,0.1,-5.7,0.7
Cookie,4.0,5.0,2.0,2.0,5.0,3.0,0,0.1,-5.7,0.7
Cake,12.0,5.0,6.0,6.0,12.0,15.0,0,0.1,-5.7,0.7
Juice,12.0,5.0,6.0,12.0,12.0,15.0,0,0.1,-5.7,0.7
Salad,20.0,6.0,20.0,10.0,20.0,25.0,0,10.1,-3.9,0.0
Tea,3.0,6.0,3.0,3.0,1.5,1.5,0,10.1,-3.9,0.0
Smoothie,12.0,6.0,12.0,20.0,16.0,20.0,0,10.1,-3.9,0.0
Coffee,2.0,6.0,4.0,4.0,8.0,8.0,0,10.1,-3.9,0.0
Cake,9.0,6.0,12.0,6.0,6.0,3.0,0,10.1,-3.9,0.0
Tea,1.5,6.0,3.0,3.0,3.0,6.0,0,10.1,-3.9,0.0
Sandwich,20.0,0.0,16.0,20.0,20.0,16.0,0,4.8,-2.3,3.8
Salad,10.0,0.0,20.0,20.0,10.0,10.0,0,4.8,-2.3,3.8
Tea,3.0,0.0,1.5,3.0,3.0,4.5,0,4.8,-2.3,3.8
Smoothie,20.0,0.0,12.0,12.0,20.0,8.0,0,4.8,-2.3,3.8
Juice,3.0,0.0,12.0,6.0,12.0,3.0,0,4.8,-2.3,3.8
Cake,9.0,0.0,9.0,12.0,6.0,6.0,0,4.8,-2.3,3.8
Cookie,5.0,0.0,4.0,2.0,2.0,1.0,0,4.8,-2.3,3.8
Cookie,5.0,1.0,5.0,4.0,2.0,3.0,0,2.0,-0.7,13.1
Smoothie,20.0,1.0,20.0,12.0,12.0,4.0,0,2.0,-0.7,13.1
Coffee,10.0,1.0,2.0,4.0,4.0,10.0,0,2.0,-0.7,13.1
Sandwich/Smoothie,20.0,1.0,8.0,20.0,4.0,20.0,0,2.0,-0.7,13.1
Smoothie,16.0,1.0,20.0,20.0,12.0,4.0,0,2.0,-0.7,13.1
Cake,6.0,1.0,9.0,9.0,12.0,15.0,0,2.0,-0.7,13.1
Cake,3.0,2.0,6.0,9.0,9.0,12.0,0,5.7,-2.6,3.4
Salad,20.0,2.0,10.0,20.0,20.0,5.0,0,5.7,-2.6,3.4
Coffee,8.0,2.0,10.0,2.0,4.0,10.0,0,5.7,-2.6,3.4
Smoothie,4.0,2.0,16.0,20.0,20.0,16.0,0,5.7,-2.6,3.4
Cake,9.0,2.0,3.0,6.0,9.0,6.0,0,5.7,-2.6,3.4
Cookie,2.0,2.0,5.0,5.0,4.0,3.0,0,5.7,-2.6,3.4
Sandwich,4.0,3.0,20.0,16.0,20.0,16.0,0,13.6,2.1,1.5
Salad,5.0,3.0,20.0,10.0,20.0,25.0,0,13.6,2.1,1.5
Juice,15.0,3.0,3.0,12.0,6.0,3.0,0,13.6,2.1,1.5
Cookie,2.0,3.0,2.0,5.0,5.0,5.0,0,13.6,2.1,1.5
Cake,3.0,3.0,9.0,3.0,6.0,6.0,0,13.6,2.1,1.5
Tea,4.5,3.0,3.0,1.5,3.0,6.0,0,13.6,2.1,1.5
Tea,4.5,4.0,4.5,3.0,1.5,1.5,0,7.4,-1.7,2.8
Juice,15.0,4.0,15.0,3.0,12.0,15.0,0,7.4,-1.7,2.8
Tea,1.5,4.0,4.5,4.5,3.0,3.0,0,7.4,-1.7,2.8
Tea,3.0,4.0,1.5,4.5,4.5,3.0,0,7.4,-1.7,2.8
Cake,6.0,4.0,3.0,9.0,3.0,12.0,0,7.4,-1.7,2.8
Tea,3.0,4.0,3.0,1.5,4.5,3.0,0,7.4,-1.7,2.8
Coffee,6.0,4.0,8.0,10.0,2.0,10.0,0,7.4,-1.7,2.8
Cookie,5.0,5.0,2.0,2.0,5.0,2.0,0,7.0,3.1,41.8
Cake,3.0,5.0,6.0,3.0,9.0,9.0,0,7.0,3.1,41.8
Salad,25.0,5.0,5.0,20.0,10.0,20.0,0,7.0,3.1,41.8
Cookie,1.0,5.0,5.0,2.0,2.0,2.0,0,7.0,3.1,41.8
Juice,9.0,5.0,15.0,15.0,3.0,12.0,0,7.0,3.1,41.8
Sandwich,20.0,5.0,4.0,20.0,16.0,16.0,0,7.0,3.1,41.8
Juice,6.0,6.0,9.0,15.0,15.0,12.0,0,12.1,-0.5,0.0
Coffee,10.0,6.0,6.0,8.0,10.0,8.0,0,12.1,-0.5,0.0
Cake/Juice,9.0,6.0,9.0,15.0,3.0,12.0,0,12.1,-0.5,0.0
Smoothie,4.0,6.0,4.0,16.0,20.0,20.0,0,12.1,-0.5,0.0
Smoothie,16.0,6.0,4.0,4.0,16.0,12.0,0,12.1,-0.5,0.0
Juice,3.0,0.0,6.0,9.0,15.0,6.0,0,10.1,1.3,0.0
Tea,6.0,0.0,3.0,3.0,1.5,1.5,0,10.1,1.3,0.0
Tea,3.0,0.0,6.0,3.0,3.0,3.0,0,10.1,1.3,0.0
Coffee,10.0,0.0,10.0,6.0,8.0,4.0,0,10.1,1.3,0.0
Coffee,8.0,0.0,10.0,10.0,6.0,4.0,0,10.1,1.3,0.0
Juice,6.0,0.0,3.0,6.0,9.0,12.0,0,10.1,1.3,0.0
Cake/Juice,12.0,0.0,9.0,9.0,15.0,6.0,0,10.1,1.3,0.0
Coffee,6.0,1.0,8.0,10.0,10.0,2.0,0,7.3,1.0,2.7
Cake,6.0,1.0,3.0,6.0,3.0,9.0,0,7.3,1.0,2.7
Cookie,5.0,1.0,1.0,5.0,2.0,4.0,0,7.3,1.0,2.7
Tea,3.0,1.0,3.0,6.0,3.0,4.5,0,7.3,1.0,2.7
Salad,5.0,1.0,25.0,5.0,20.0,10.0,0,7.3,1.0,2.7
Coffee,4.0,1.0,6.0,8.0,10.0,10.0,0,7.3,1.0,2.7
Coffee,6.0,2.0,4.0,6.0,8.0,8.0,0,9.3,-2.2,0.0
Cake,9.0,2.0,6.0,3.0,6.0,6.0,0,9.3,-2.2,0.0
Salad,10.0,3.0,5.0,25.0,5.0,20.0,0,10.3,-0.6,0.0
Juice,15.0,3.0,6.0,3.0,6.0,3.0,0,10.3,-0.6,0.0
Sandwich,20.0,3.0,20.0,4.0,20.0,20.0,0,10.3,-0.6,0.0
Cake,3.0,3.0,9.0,6.0,3.0,3.0,0,10.3,-0.6,0.0
Cake/Juice,3.0,3.0,12.0,9.0,9.0,15.0,0,10.3,-0.6,0.0
Cookie,3.0,4.0,5.0,1.0,5.0,5.0,0,7.3,-1.4,7.3
Sandwich,4.0,4.0,20.0,20.0,4.0,20.0,0,7.3,-1.4,7.3
Cookie,4.0,4.0,3.0,5.0,1.0,5.0,0,7.3,-1.4,7.3
Smoothie,8.0,4.0,16.0,4.0,4.0,12.0,0,7.3,-1.4,7.3
Cookie,4.0,4.0,4.0,3.0,5.0,2.0,0,7.3,-1.4,7.3
Sandwich,16.0,4.0,4.0,20.0,20.0,20.0,0,7.3,-1.4,7.3
Coffee,2.0,4.0,6.0,4.0,6.0,6.0,0,7.3,-1.4,7.3
Sandwich,8.0,5.0,16.0,4.0,20.0,16.0,0,6.9,1.6,13.1
Juice,12.0,5.0,15.0,6.0,3.0,15.0,0,6.9,1.6,13.1
Tea,6.0,5.0,3.0,3.0,6.0,4.5,0,6.9,1.6,13.1
Smoothie,20.0,5.0,8.0,16.0,4.0,20.0,0,6.9,1.6,13.1
Cake,15.0,6.0,3.0,9.0,6.0,9.0,0,7.7,-1.2,0.0
Sandwich,8.0,6.0,8.0,16.0,4.0,20.0,0,7.7,-1.2,0.0
Cookie,5.0,6.0,4.0,4.0,3.0,2.0,0,7.7,-1.2,0.0
Salad,25.0,6.0,10.0,5.0,25.0,20.0,0,7.7,-1.2,0.0
Sandwich,16.0,0.0,8.0,8.0,16.0,4.0,0,5.8,3.5,16.7
Cookie,3.0,0.0,5.0,4.0,4.0,5.0,0,5.8,3.5,16.7
Juice,3.0,0.0,12.0,15.0,6.0,15.0,0,5.8,3.5,16.7
Smoothie,12.0,0.0,20.0,8.0,16.0,20.0,0,5.8,3.5,16.7
Smoothie,20.0,0.0,12.0,20.0,8.0,16.0,0,5.8,3.5,16.7
Tea,7.5,0.0,6.0,3.0,3.0,1.5,0,5.8,3.5,16.7
Salad,15.0,1.0,25.0,10.0,5.0,10.0,0,3.3,1.0,12.2
Juice,3.0,1.0,3.0,12.0,15.0,9.0,0,3.3,1.0,12.2
Salad,5.0,2.0,15.0,25.0,10.0,20.0,0,6.9,0.7,0.0
Cake,3.0,2.0,15.0,3.0,9.0,3.0,0,6.9,0.7,0.0
Salad,25.0,2.0,5.0,15.0,25.0,5.0,0,6.9,0.7,0.0
Smoothie,20.0,2.0,20.0,12.0,20.0,4.0,0,6.9,0.7,0.0
Juice,9.0,2.0,3.0,3.0,12.0,6.0,0,6.9,0.7,0.0
Smoothie,8.0,2.0,20.0,20.0,12.0,4.0,0,6.9,0.7,0.0
Cake,9.0,3.0,3.0,15.0,3.0,6.0,0,13.3,-1.4,0.0
Juice,9.0,3.0,9.0,3.0,3.0,3.0,0,13.3,-1.4,0.0
Coffee,4.0,3.0,2.0,6.0,4.0,10.0,0,13.3,-1.4,0.0
Coffee,8.0,3.0,4.0,2.0,6.0,10.0,0,13.3,-1.4,0.0
Juice,,4.0,9.0,9.0,3.0,6.0,0,14.2,2.4,0.0
Salad,25.0,4.0,25.0,5.0,15.0,25.0,0,14.2,2.4,0.0
Smoothie,20.0,4.0,8.0,20.0,20.0,16.0,0,14.2,2.4,0.0
Smoothie,4.0,4.0,20.0,8.0,20.0,8.0,0,14.2,2.4,0.0
Cake,6.0,5.0,9.0,3.0,15.0,3.0,0,10.9,2.9,0.7
Salad,25.0,5.0,25.0,25.0,5.0,5.0,0,10.9,2.9,0.7
Cookie,5.0,5.0,3.0,5.0,4.0,1.0,0,10.9,2.9,0.7
Smoothie,20.0,6.0,4.0,20.0,8.0,20.0,0,3.6,-2.9,0.0
Cookie,2.0,6.0,5.0,3.0,5.0,5.0,0,3.6,-2.9,0.0
Cake,3.0,6.0,6.0,9.0,3.0,6.0,0,3.6,-2.9,0.0
Juice,15.0,6.0,,9.0,9.0,15.0,0,3.6,-2.9,0.0
Cake,9.0,6.0,3.0,6.0,9.0,9.0,0,3.6,-2.9,0.0
Coffee,4.0,6.0,8.0,4.0,2.0,8.0,0,3.6,-2.9,0.0
Coffee,6.0,6.0,4.0,8.0,4.0,6.0,0,3.6,-2.9,0.0
Salad,25.0,6.0,25.0,25.0,25.0,10.0,0,3.6,-2.9,0.0
Sandwich,4.0,6.0,16.0,8.0,8.0,20.0,0,3.6,-2.9,0.0
Sandwich,8.0,6.0,4.0,16.0,8.0,20.0,0,3.6,-2.9,0.0
Smoothie,8.0,0.0,20.0,4.0,20.0,12.0,0,10.6,-3.4,0.0
Cookie,1.0,0.0,2.0,5.0,3.0,3.0,0,10.6,-3.4,0.0
Juice,9.0,0.0,15.0,,9.0,12.0,0,10.6,-3.4,0.0
Tea,6.0,0.0,7.5,6.0,3.0,3.0,0,10.6,-3.4,0.0
Salad,5.0,0.0,25.0,25.0,25.0,25.0,0,10.6,-3.4,0.0
Sandwich,8.0,1.0,8.0,4.0,16.0,4.0,0,15.7,-1.1,0.0
Cake/Juice,15.0,1.0,3.0,12.0,9.0,15.0,0,15.7,-1.1,0.0
Juice,15.0,1.0,9.0,15.0,,3.0,0,15.7,-1.1,0.0
Tea,3.0,1.0,6.0,7.5,6.0,3.0,0,15.7,-1.1,0.0
Cake,15.0,1.0,9.0,3.0,6.0,3.0,0,15.7,-1.1,0.0
Juice,3.0,1.0,15.0,9.0,15.0,3.0,0,15.7,-1.1,0.0
Smoothie,4.0,1.0,8.0,20.0,4.0,20.0,0,15.7,-1.1,0.0
Tea,1.5,2.0,3.0,6.0,7.5,6.0,0,13.2,2.2,0.0
Cake,3.0,2.0,15.0,9.0,3.0,15.0,0,13.2,2.2,0.0
Salad,15.0,2.0,5.0,25.0,25.0,15.0,0,13.2,2.2,0.0
Tea,3.0,2.0,1.5,3.0,6.0,3.0,0,13.2,2.2,0.0
Salad,25.0,2.0,15.0,5.0,25.0,5.0,0,13.2,2.2,0.0
Tea,7.5,2.0,3.0,1.5,3.0,3.0,0,13.2,2.2,0.0
Salad,15.0,2.0,25.0,15.0,5.0,25.0,0,13.2,2.2,0.0
Cake,9.0,3.0,3.0,15.0,9.0,3.0,0,14.8,5.1,2.8
Cake,12.0,3.0,9.0,3.0,15.0,9.0,0,14.8,5.1,2.8
Tea,7.5,3.0,7.5,3.0,1.5,6.0,0,14.8,5.1,2.8
Tea,3.0,3.0,7.5,7.5,3.0,7.5,0,14.8,5.1,2.8
Cake,12.0,3.0,12.0,9.0,3.0,6.0,0,14.8,5.1,2.8
Salad,5.0,3.0,15.0,25.0,15.0,25.0,0,14.8,5.1,2.8
Cake,6.0,3.0,12.0,12.0,9.0,3.0,0,14.8,5.1,2.8
Coffee,4.0,4.0,6.0,4.0,8.0,4.0,0,12.9,5.5,0.2
Cookie,4.0,4.0,1.0,2.0,5.0,4.0,0,12.9,5.5,0.2
Sandwich,12.0,5.0,8.0,8.0,4.0,16.0,0,7.4,2.8,11.5
Juice,6.0,5.0,3.0,15.0,9.0,9.0,0,7.4,2.8,11.5
Salad,10.0,5.0,5.0,15.0,25.0,25.0,0,7.4,2.8,11.5
Tea,6.0,5.0,3.0,7.5,7.5,6.0,0,7.4,2.8,11.5
Juice,12.0,5.0,6.0,3.0,15.0,9.0,0,7.4,2.8,11.5
Coffee,2.0,5.0,4.0,6.0,4.0,6.0,0,7.4,2.8,11.5
Cake,15.0,5.0,6.0,12.0,12.0,9.0,0,7.4,2.8,11.5
Cake,15.0,5.0,15.0,6.0,12.0,15.0,0,7.4,2.8,11.5
Sandwich,20.0,6.0,12.0,8.0,8.0,8.0,0,14.9,3.1,0.0
Tea,6.0,6.0,6.0,3.0,7.5,3.0,0,14.9,3.1,0.0
Salad,25.0,6.0,10.0,5.0,15.0,25.0,0,14.9,3.1,0.0
Smoothie,12.0,6.0,4.0,8.0,20.0,20.0,0,14.9,3.1,0.0
Cookie,3.0,6.0,4.0,1.0,2.0,4.0,0,14.9,3.1,0.0
Tea,6.0,6.0,6.0,6.0,3.0,1.5,0,14.9,3.1,0.0
Juice,3.0,6.0,12.0,6.0,3.0,,0,14.9,3.1,0.0
Sandwich,12.0,6.0,20.0,12.0,8.0,8.0,0,14.9,3.1,0.0
Smoothie,4.0,6.0,12.0,4.0,8.0,8.0,0,14.9,3.1,0.0
Coffee,2.0,0.0,2.0,4.0,6.0,2.0,0,14.7,2.4,2.6
Cookie,3.0,1.0,3.0,4.0,1.0,5.0,0,11.1,3.0,0.6
Coffee,8.0,1.0,2.0,2.0,4.0,4.0,0,11.1,3.0,0.6
Juice,12.0,1.0,3.0,12.0,6.0,15.0,0,11.1,3.0,0.6
Sandwich,16.0,1.0,12.0,20.0,12.0,16.0,0,11.1,3.0,0.6
Tea,3.0,1.0,6.0,6.0,6.0,3.0,0,11.1,3.0,0.6
Salad,25.0,1.0,25.0,10.0,5.0,5.0,0,11.1,3.0,0.6
Tea,1.5,1.0,3.0,6.0,6.0,7.5,0,11.1,3.0,0.6
Coffee,6.0,2.0,8.0,2.0,2.0,8.0,0,10.9,-0.2,0.0
Salad,5.0,2.0,25.0,25.0,10.0,15.0,0,10.9,-0.2,0.0
Sandwich/Smoothie,20.0,2.0,20.0,8.0,20.0,16.0,0,10.9,-0.2,0.0
Tea,4.5,2.0,1.5,3.0,6.0,7.5,0,10.9,-0.2,0.0
Juice,6.0,3.0,12.0,3.0,12.0,9.0,0,7.4,-1.6,0.1
Cookie,2.0,3.0,3.0,3.0,4.0,3.0,0,7.4,-1.6,0.1
Cake/Juice,6.0,3.0,15.0,3.0,12.0,3.0,0,7.4,-1.6,0.1
Juice,15.0,3.0,6.0,12.0,3.0,15.0,0,7.4,-1.6,0.1
Coffee,8.0,3.0,6.0,8.0,2.0,4.0,0,7.4,-1.6,0.1
Juice,6.0,3.0,15.0,6.0,12.0,3.0,0,7.4,-1.6,0.1
Smoothie,16.0,3.0,4.0,12.0,4.0,20.0,0,7.4,-1.6,0.1
Salad,10.0,4.0,5.0,25.0,25.0,25.0,0,9.9,-0.9,0.0
Sandwich,8.0,4.0,16.0,12.0,20.0,4.0,0,9.9,-0.9,0.0
Smoothie,4.0,4.0,16.0,4.0,12.0,4.0,0,9.9,-0.9,0.0
Smoothie,20.0,4.0,4.0,16.0,4.0,20.0,0,9.9,-0.9,0.0
Coffee,8.0,4.0,8.0,6.0,8.0,6.0,0,9.9,-0.9,0.0
Tea,3.0,4.0,4.5,1.5,3.0,3.0,0,9.9,-0.9,0.0
Smoothie,20.0,4.0,20.0,4.0,16.0,8.0,0,9.9,-0.9,0.0
Coffee,8.0,5.0,8.0,8.0,6.0,4.0,0,19.6,9.5,10.1
Juice,15.0,5.0,6.0,15.0,6.0,6.0,0,19.6,9.5,10.1
Sandwich,20.0,5.0,8.0,16.0,12.0,8.0,0,19.6,9.5,10.1
Salad,5.0,6.0,10.0,5.0,25.0,15.0,0,10.5,3.1,0.0
Cookie,5.0,6.0,2.0,3.0,3.0,5.0,0,10.5,3.1,0.0
Smoothie,20.0,6.0,20.0,20.0,4.0,4.0,0,10.5,3.1,0.0
Coffee,4.0,6.0,8.0,8.0,8.0,2.0,0,10.5,3.1,0.0
Cookie,3.0,0.0,5.0,2.0,3.0,2.0,0,13.3,-0.3,0.0
Tea,6.0,0.0,3.0,4.5,1.5,6.0,0,13.3,-0.3,0.0
Cake,6.0,0.0,15.0,15.0,6.0,3.0,0,13.3,-0.3,0.0
Sandwich/Smoothie,12.0,1.0,20.0,20.0,8.0,12.0,0,18.6,5.8,0.0
Salad,5.0,1.0,5.0,10.0,5.0,5.0,0,18.6,5.8,0.0
Smoothie,12.0,1.0,20.0,20.0,20.0,12.0,0,18.6,5.8,0.0
Smoothie,20.0,1.0,12.0,20.0,20.0,4.0,0,18.6,5.8,0.0
Smoothie,20.0,1.0,20.0,12.0,20.0,16.0,0,18.6,5.8,0.0
Juice,12.0,1.0,15.0,6.0,15.0,12.0,0,18.6,5.8,0.0
Juice,9.0,2.0,12.0,15.0,6.0,3.0,0,13.5,9.2,0.4
Coffee,10.0,2.0,4.0,8.0,8.0,2.0,0,13.5,9.2,0.4
Cake,15.0,3.0,6.0,15.0,15.0,9.0,0,26.4,10.5,3.3
Tea,3.0,3.0,6.0,3.0,4.5,6.0,0,26.4,10.5,3.3
Salad,20.0,3.0,5.0,5.0,10.0,10.0,0,26.4,10.5,3.3
Smoothie,8.0,3.0,20.0,20.0,12.0,4.0,0,26.4,10.5,3.3
Sandwich,20.0,3.0,20.0,8.0,16.0,8.0,0,26.4,10.5,3.3
Cake/Juice,15.0,3.0,6.0,15.0,3.0,15.0,0,26.4,10.5,3.3
Smoothie,12.0,3.0,8.0,20.0,20.0,20.0,0,26.4,10.5,3.3
Salad,25.0,4.0,20.0,5.0,5.0,25.0,0,13.8,6.7,0.0
Juice,12.0,4.0,9.0,12.0,15.0,12.0,0,13.8,6.7,0.0
Smoothie,20.0,4.0,12.0,8.0,20.0,20.0,0,13.8,6.7,0.0
Tea,1.5,5.0,3.0,6.0,3.0,6.0,0,10.3,1.6,0.0
Cookie,1.0,5.0,3.0,5.0,2.0,1.0,0,10.3,1.6,0.0
Cake/Juice,9.0,5.0,15.0,6.0,15.0,9.0,0,10.3,1.6,0.0
Sandwich,4.0,5.0,20.0,20.0,8.0,12.0,0,10.3,1.6,0.0
Salad,20.0,5.0,25.0,20.0,5.0,25.0,0,10.3,1.6,0.0
Smoothie,16.0,5.0,20.0,12.0,8.0,20.0,0,10.3,1.6,0.0
Salad,15.0,6.0,20.0,25.0,20.0,5.0,0,11.6,1.1,0.0
Salad,20.0,6.0,15.0,20.0,25.0,10.0,0,11.6,1.1,0.0
Cake,12.0,6.0,15.0,6.0,15.0,12.0,0,11.6,1.1,0.0
Tea,4.5,6.0,1.5,3.0,6.0,3.0,0,11.6,1.1,0.0
Cake,3.0,0.0,12.0,15.0,6.0,12.0,0,17.7,2.1,0.0
Juice,12.0,0.0,12.0,9.0,12.0,6.0,0,17.7,2.1,0.0
Cake,6.0,0.0,3.0,12.0,15.0,6.0,0,17.7,2.1,0.0
Tea,3.0,0.0,4.5,1.5,3.0,1.5,0,17.7,2.1,0.0
Cake,15.0,0.0,6.0,3.0,12.0,15.0,0,17.7,2.1,0.0
Cake,15.0,1.0,15.0,6.0,3.0,15.0,0,22.9,6.3,0.0
Smoothie,8.0,1.0,16.0,20.0,12.0,12.0,0,22.9,6.3,0.0
Juice,12.0,1.0,12.0,12.0,9.0,15.0,0,22.9,6.3,0.0
Smoothie,16.0,1.0,8.0,16.0,20.0,20.0,0,22.9,6.3,0.0
Juice,9.0,2.0,12.0,12.0,12.0,6.0,0,27.4,15.4,0.0
Salad,10.0,2.0,20.0,15.0,20.0,5.0,0,27.4,15.4,0.0
Coffee,6.0,2.0,10.0,4.0,8.0,8.0,0,27.4,15.4,0.0
Cake,3.0,3.0,15.0,15.0,6.0,6.0,0,31.0,11.8,0.0
Tea,7.5,3.0,3.0,4.5,1.5,4.5,0,31.0,11.8,0.0
Smoothie,16.0,3.0,16.0,8.0,16.0,20.0,0,31.0,11.8,0.0
Juice,12.0,4.0,9.0,12.0,12.0,15.0,0,29.5,13.7,0.0
Smoothie,4.0,4.0,16.0,16.0,8.0,8.0,0,29.5,13.7,0.0
Juice,6.0,4.0,12.0,9.0,12.0,12.0,0,29.5,13.7,0.0
Smoothie,20.0,4.0,4.0,16.0,16.0,12.0,0,29.5,13.7,0.0
Cookie,1.0,4.0,1.0,3.0,5.0,4.0,0,29.5,13.7,0.0
Tea,1.5,4.0,7.5,3.0,4.5,3.0,0,29.5,13.7,0.0
Juice,15.0,5.0,6.0,12.0,9.0,9.0,0,20.8,14.4,5.0
Cake,6.0,5.0,3.0,15.0,15.0,15.0,0,20.8,14.4,5.0
Salad,25.0,5.0,10.0,20.0,15.0,5.0,0,20.8,14.4,5.0
Coffee,8.0,5.0,6.0,10.0,4.0,6.0,0,20.8,14.4,5.0
Smoothie,12.0,5.0,20.0,4.0,16.0,20.0,0,20.8,14.4,5.0
Juice,,5.0,15.0,6.0,12.0,12.0,0,20.8,14.4,5.0
Cookie,1.0,5.0,1.0,1.0,3.0,3.0,0,20.8,14.4,5.0
Sandwich,20.0,5.0,4.0,20.0,20.0,20.0,0,20.8,14.4,5.0
Coffee,10.0,6.0,8.0,6.0,10.0,8.0,0,20.8,12.2,0.0
Smoothie,4.0,6.0,12.0,20.0,4.0,16.0,0,20.8,12.2,0.0
Salad,10.0,6.0,25.0,10.0,20.0,20.0,0,20.8,12.2,0.0
Cake/Juice,9.0,6.0,9.0,15.0,6.0,9.0,0,20.8,12.2,0.0
Juice,12.0,6.0,,15.0,6.0,12.0,0,20.8,12.2,0.0
Salad,25.0,0.0,10.0,25.0,10.0,25.0,0,19.9,11.5,3.1
Juice,12.0,0.0,12.0,,15.0,12.0,0,19.9,11.5,3.1
Coffee,4.0,0.0,10.0,8.0,6.0,8.0,0,19.9,11.5,3.1
Smoothie,12.0,0.0,4.0,12.0,20.0,8.0,0,19.9,11.5,3.1
Coffee,4.0,0.0,4.0,10.0,8.0,8.0,0,19.9,11.5,3.1
Juice,6.0,0.0,12.0,12.0,,9.0,0,19.9,11.5,3.1
Coffee,6.0,0.0,4.0,4.0,10.0,4.0,0,19.9,11.5,3.1
Juice,15.0,1.0,6.0,12.0,12.0,12.0,0,14.3,7.0,0.1
Juice,9.0,1.0,15.0,6.0,12.0,6.0,0,14.3,7.0,0.1
Smoothie,16.0,1.0,12.0,4.0,12.0,16.0,0,14.3,7.0,0.1
Sandwich,8.0,1.0,20.0,4.0,20.0,12.0,0,14.3,7.0,0.1
Juice,9.0,2.0,9.0,15.0,6.0,15.0,0,17.4,4.2,0.0
Coffee,10.0,2.0,6.0,4.0,4.0,10.0,0,17.4,4.2,0.0
Cake,3.0,2.0,6.0,3.0,15.0,12.0,0,17.4,4.2,0.0
Sandwich/Smoothie,16.0,2.0,12.0,20.0,20.0,8.0,0,17.4,4.2,0.0
Coffee,6.0,2.0,10.0,6.0,4.0,6.0,0,17.4,4.2,0.0
Cookie,5.0,3.0,1.0,1.0,1.0,3.0,0,15.8,5.7,0.0
Coffee,4.0,3.0,6.0,10.0,6.0,8.0,0,15.8,5.7,0.0
Cookie,2.0,3.0,5.0,1.0,1.0,2.0,0,15.8,5.7,0.0
Tea,3.0,3.0,1.5,7.5,3.0,6.0,0,15.8,5.7,0.0
Smoothie,12.0,3.0,16.0,12.0,4.0,16.0,0,15.8,5.7,0.0
Cake,15.0,3.0,3.0,6.0,3.0,3.0,0,15.8,5.7,0.0
Smoothie,20.0,3.0,12.0,16.0,12.0,4.0,0,15.8,5.7,0.0
Cookie,2.0,3.0,2.0,5.0,1.0,5.0,0,15.8,5.7,0.0
Tea,7.5,3.0,3.0,1.5,7.5,3.0,0,15.8,5.7,0.0
Smoothie,4.0,4.0,20.0,12.0,16.0,20.0,0,18.9,8.0,0.0
Juice,9.0,4.0,9.0,9.0,15.0,,0,18.9,8.0,0.0
Salad,5.0,4.0,25.0,10.0,25.0,20.0,0,18.9,8.0,0.0
Salad,15.0,4.0,5.0,25.0,10.0,15.0,0,18.9,8.0,0.0
Sandwich/Smoothie,12.0,4.0,16.0,12.0,20.0,4.0,0,18.9,8.0,0.0
Coffee,8.0,4.0,4.0,6.0,10.0,10.0,0,18.9,8.0,0.0
Juice,12.0,4.0,9.0,9.0,9.0,12.0,0,18.9,8.0,0.0
Sandwich,4.0,5.0,8.0,20.0,4.0,16.0,0,19.6,9.8,15.7
Cake,9.0,5.0,15.0,3.0,6.0,6.0,0,19.6,9.8,15.7
Sandwich,4.0,5.0,4.0,8.0,20.0,8.0,0,19.6,9.8,15.7
Sandwich,16.0,5.0,4.0,4.0,8.0,20.0,0,19.6,9.8,15.7
Cake,6.0,6.0,9.0,15.0,3.0,15.0,0,19.1,11.1,18.4
Cookie,5.0,6.0,2.0,2.0,5.0,3.0,0,19.1,11.1,18.4
Sandwich,12.0,6.0,16.0,4.0,4.0,20.0,0,19.1,11.1,18.4
Cookie,1.0,6.0,5.0,2.0,2.0,1.0,0,19.1,11.1,18.4
Sandwich,16.0,0.0,12.0,16.0,4.0,4.0,0,16.1,6.2,0.0
Coffee,10.0,0.0,8.0,4.0,6.0,4.0,0,16.1,6.2,0.0
Smoothie,4.0,1.0,4.0,20.0,12.0,12.0,0,15.1,5.4,0.3
Coffee,8.0,1.0,10.0,8.0,4.0,4.0,0,15.1,5.4,0.3
Smoothie,8.0,2.0,4.0,4.0,20.0,4.0,0,13.8,6.0,0.9
Juice,12.0,2.0,12.0,9.0,9.0,12.0,0,13.8,6.0,0.9
Salad,20.0,2.0,15.0,5.0,25.0,20.0,0,13.8,6.0,0.9
Salad,25.0,2.0,20.0,15.0,5.0,10.0,0,13.8,6.0,0.9
Juice,12.0,2.0,12.0,12.0,9.0,6.0,0,13.8,6.0,0.9
Cake,6.0,3.0,6.0,9.0,15.0,15.0,0,13.4,7.2,0.7
Salad,10.0,3.0,25.0,20.0,15.0,25.0,0,13.4,7.2,0.7
Smoothie,20.0,3.0,8.0,4.0,4.0,12.0,0,13.4,7.2,0.7
Salad,5.0,3.0,10.0,25.0,20.0,10.0,0,13.4,7.2,0.7
Salad,20.0,4.0,5.0,10.0,25.0,25.0,0,12.9,6.7,6.1
Cookie,1.0,4.0,1.0,5.0,2.0,1.0,0,12.9,6.7,6.1
Smoothie,4.0,4.0,20.0,8.0,4.0,16.0,0,12.9,6.7,6.1
Cookie,5.0,5.0,1.0,1.0,5.0,1.0,0,12.1,8.6,59.5
Smoothie,4.0,5.0,4.0,20.0,8.0,12.0,0,12.1,8.6,59.5
Salad,10.0,5.0,20.0,5.0,10.0,5.0,0,12.1,8.6,59.5
Tea,4.5,5.0,7.5,3.0,1.5,1.5,0,12.1,8.6,59.5
Salad,10.0,5.0,10.0,20.0,5.0,15.0,0,12.1,8.6,59.5
Cake,6.0,6.0,6.0,6.0,9.0,3.0,0,14.8,10.4,22.2
Cake,15.0,6.0,6.0,6.0,6.0,6.0,0,14.8,10.4,22.2
Cake,6.0,6.0,15.0,6.0,6.0,3.0,0,14.8,10.4,22.2
Cake,9.0,6.0,6.0,15.0,6.0,15.0,0,14.8,10.4,22.2
Cookie,1.0,6.0,5.0,1.0,1.0,5.0,0,14.8,10.4,22.2
Juice,3.0,6.0,12.0,12.0,12.0,15.0,0,14.8,10.4,22.2
Coffee,6.0,6.0,8.0,10.0,8.0,6.0,0,14.8,10.4,22.2
Smoothie,16.0,6.0,4.0,4.0,20.0,20.0,0,14.8,10.4,22.2
Cake,9.0,6.0,9.0,6.0,15.0,9.0,0,14.8,10.4,22.2
Smoothie,12.0,0.0,16.0,4.0,4.0,4.0,0,15.6,7.4,1.8
Tea,6.0,0.0,4.5,7.5,3.0,4.5,0,15.6,7.4,1.8
Tea,3.0,0.0,6.0,4.5,7.5,3.0,0,15.6,7.4,1.8
Cookie,5.0,1.0,1.0,5.0,1.0,2.0,0,13.3,8.3,0.8
Sandwich,20.0,1.0,16.0,12.0,16.0,20.0,0,13.3,8.3,0.8
Salad,15.0,1.0,10.0,10.0,20.0,20.0,0,13.3,8.3,0.8
Cake,9.0,1.0,9.0,9.0,6.0,6.0,0,13.3,8.3,0.8
Salad,25.0,1.0,15.0,10.0,10.0,25.0,0,13.3,8.3,0.8
Coffee,6.0,1.0,6.0,8.0,10.0,10.0,0,13.3,8.3,0.8
Sandwich,16.0,1.0,20.0,16.0,12.0,8.0,0,13.3,8.3,0.8
Cookie,1.0,1.0,5.0,1.0,5.0,2.0,0,13.3,8.3,0.8
Smoothie,4.0,1.0,12.0,16.0,4.0,4.0,0,13.3,8.3,0.8
Smoothie,4.0,1.0,4.0,12.0,16.0,8.0,0,13.3,8.3,0.8
Sandwich,12.0,2.0,16.0,20.0,16.0,4.0,0,12.4,5.6,0.7
Sandwich,8.0,2.0,12.0,16.0,20.0,4.0,0,12.4,5.6,0.7
Sandwich,16.0,3.0,8.0,12.0,16.0,16.0,0,14.3,6.2,1.7
Coffee,10.0,3.0,6.0,6.0,8.0,6.0,0,14.3,6.2,1.7
Tea,3.0,3.0,3.0,6.0,4.5,7.5,0,14.3,6.2,1.7
Cake,3.0,3.0,9.0,9.0,9.0,6.0,0,14.3,6.2,1.7
Cake/Juice,12.0,3.0,9.0,9.0,15.0,12.0,0,14.3,6.2,1.7
Tea,7.5,3.0,3.0,3.0,6.0,1.5,0,14.3,6.2,1.7
Sandwich,12.0,3.0,16.0,8.0,12.0,12.0,0,14.3,6.2,1.7
Juice,9.0,3.0,3.0,12.0,12.0,9.0,0,14.3,6.2,1.7
Cake,9.0,3.0,3.0,9.0,9.0,6.0,0,14.3,6.2,1.7
Salad,25.0,3.0,25.0,15.0,10.0,10.0,0,14.3,6.2,1.7
Cake,12.0,3.0,9.0,3.0,9.0,15.0,0,14.3,6.2,1.7
Cookie,2.0,4.0,1.0,5.0,1.0,5.0,0,17.0,6.8,3.5
Salad,15.0,4.0,25.0,25.0,15.0,5.0,0,17.0,6.8,3.5
Salad,25.0,4.0,15.0,25.0,25.0,20.0,0,17.0,6.8,3.5
Tea,6.0,5.0,7.5,3.0,3.0,3.0,0,20.9,6.5,0.0
Tea,6.0,5.0,6.0,7.5,3.0,7.5,0,20.9,6.5,0.0
Tea,7.5,5.0,6.0,6.0,7.5,4.5,0,20.9,6.5,0.0
Smoothie,16.0,5.0,4.0,4.0,12.0,20.0,0,20.9,6.5,0.0
Juice,15.0,5.0,9.0,3.0,12.0,9.0,0,20.9,6.5,0.0
Sandwich/Smoothie,8.0,6.0,12.0,16.0,12.0,20.0,0,23.7,9.2,0.0
Cookie,1.0,6.0,2.0,1.0,5.0,1.0,0,23.7,9.2,0.0
Salad,15.0,6.0,25.0,15.0,25.0,10.0,0,23.7,9.2,0.0
Tea,6.0,6.0,7.5,6.0,6.0,6.0,0,23.7,9.2,0.0
Smoothie,16.0,6.0,16.0,4.0,4.0,4.0,0,23.7,9.2,0.0
Tea,4.5,6.0,6.0,7.5,6.0,3.0,0,23.7,9.2,0.0
Tea,6.0,6.0,4.5,6.0,7.5,3.0,0,23.7,9.2,0.0
Cake,9.0,0.0,12.0,9.0,3.0,6.0,0,23.6,12.7,0.0
Coffee,10.0,0.0,10.0,6.0,6.0,4.0,0,23.6,12.7,0.0
Smoothie,4.0,0.0,16.0,16.0,4.0,4.0,0,23.6,12.7,0.0
Cake,12.0,0.0,9.0,12.0,9.0,9.0,0,23.6,12.7,0.0
Coffee,4.0,1.0,10.0,10.0,6.0,8.0,0,19.2,9.6,0.0
Juice,9.0,1.0,15.0,9.0,3.0,9.0,0,19.2,9.6,0.0
Sandwich,20.0,1.0,12.0,16.0,8.0,16.0,0,19.2,9.6,0.0
Salad,5.0,2.0,15.0,25.0,15.0,10.0,0,21.1,7.0,0.0
Salad,5.0,2.0,5.0,15.0,25.0,15.0,0,21.1,7.0,0.0
Smoothie,12.0,2.0,4.0,16.0,16.0,16.0,0,21.1,7.0,0.0
Juice,9.0,2.0,9.0,15.0,9.0,12.0,0,21.1,7.0,0.0
Cake,12.0,3.0,12.0,9.0,12.0,9.0,0,25.3,9.4,0.0
Smoothie,12.0,3.0,12.0,4.0,16.0,12.0,0,25.3,9.4,0.0
Cake,9.0,3.0,12.0,12.0,9.0,9.0,0,25.3,9.4,0.0
Cookie,5.0,4.0,1.0,2.0,1.0,1.0,0,29.4,12.9,0.0
Salad,15.0,4.0,5.0,5.0,15.0,25.0,0,29.4,12.9,0.0
Cake,15.0,4.0,9.0,12.0,12.0,3.0,0,29.4,12.9,0.0
Cake,9.0,4.0,15.0,9.0,12.0,9.0,0,29.4,12.9,0.0
Sandwich,20.0,5.0,20.0,12.0,16.0,20.0,0,27.3,17.5,0.0
Salad,20.0,5.0,15.0,5.0,5.0,25.0,0,27.3,17.5,0.0
Juice,12.0,5.0,9.0,9.0,15.0,12.0,0,27.3,17.5,0.0
Smoothie,20.0,5.0,12.0,12.0,4.0,4.0,0,27.3,17.5,0.0
Coffee,2.0,5.0,4.0,10.0,10.0,10.0,0,27.3,17.5,0.0
Salad,10.0,5.0,20.0,15.0,5.0,15.0,0,27.3,17.5,0.0
Sandwich,,6.0,20.0,20.0,12.0,16.0,0,22.8,12.5,0.0
Smoothie,8.0,6.0,20.0,12.0,12.0,4.0,0,22.8,12.5,0.0
Coffee,2.0,6.0,2.0,4.0,10.0,8.0,0,22.8,12.5,0.0
Sandwich,4.0,6.0,,20.0,20.0,12.0,0,22.8,12.5,0.0
Coffee,6.0,6.0,2.0,2.0,4.0,6.0,0,22.8,12.5,0.0
Juice,9.0,0.0,12.0,9.0,9.0,12.0,0,25.2,9.6,0.0
Cake,12.0,1.0,9.0,15.0,9.0,12.0,0,27.6,12.7,0.0
Tea,1.5,1.0,6.0,4.5,6.0,7.5,0,27.6,12.7,0.0
Cake,12.0,1.0,12.0,9.0,15.0,9.0,0,27.6,12.7,0.0
Cake,12.0,1.0,12.0,12.0,9.0,12.0,0,27.6,12.7,0.0
Salad,5.0,1.0,10.0,20.0,15.0,25.0,0,27.6,12.7,0.0
Salad,5.0,2.0,5.0,10.0,20.0,15.0,0,18.6,10.5,0.0
Smoothie,12.0,2.0,8.0,20.0,12.0,16.0,0,18.6,10.5,0.0
Coffee,2.0,2.0,6.0,2.0,2.0,6.0,0,18.6,10.5,0.0
Sandwich,8.0,2.0,4.0,,20.0,8.0,0,18.6,10.5,0.0
Cookie,5.0,2.0,5.0,1.0,2.0,5.0,0,18.6,10.5,0.0
Tea,3.0,3.0,1.5,6.0,4.5,6.0,0,14.1,6.7,0.0
Coffee,2.0,3.0,2.0,6.0,2.0,10.0,0,14.1,6.7,0.0
Smoothie,12.0,3.0,12.0,8.0,20.0,16.0,0,14.1,6.7,0.0
Tea,4.5,3.0,3.0,1.5,6.0,6.0,0,14.1,6.7,0.0
Coffee,2.0,3.0,2.0,2.0,6.0,10.0,0,14.1,6.7,0.0
Juice,12.0,3.0,9.0,12.0,9.0,3.0,0,14.1,6.7,0.0
Salad,,3.0,5.0,5.0,10.0,5.0,0,14.1,6.7,0.0
Cookie,5.0,3.0,5.0,5.0,1.0,1.0,0,14.1,6.7,0.0
Juice,12.0,3.0,12.0,9.0,12.0,9.0,0,14.1,6.7,0.0
Tea,1.5,3.0,4.5,3.0,1.5,7.5,0,14.1,6.7,0.0
Juice,3.0,4.0,12.0,12.0,9.0,15.0,0,19.4,10.4,0.0
Sandwich,16.0,4.0,8.0,4.0,,16.0,0,19.4,10.4,0.0
Sandwich,4.0,4.0,16.0,8.0,4.0,12.0,0,19.4,10.4,0.0
Salad,10.0,4.0,,5.0,5.0,5.0,0,19.4,10.4,0.0
Tea,4.5,4.0,1.5,4.5,3.0,6.0,0,19.4,10.4,0.0
Salad,25.0,4.0,10.0,,5.0,15.0,0,19.4,10.4,0.0
Sandwich,8.0,4.0,4.0,16.0,8.0,20.0,0,19.4,10.4,0.0
Smoothie,8.0,5.0,12.0,12.0,8.0,4.0,0,17.5,13.5,26.9
Sandwich,4.0,5.0,8.0,4.0,16.0,20.0,0,17.5,13.5,26.9
Juice,3.0,6.0,3.0,12.0,12.0,9.0,0,21.7,12.9,0.6
Juice,9.0,6.0,3.0,3.0,12.0,9.0,0,21.7,12.9,0.6
Smoothie,16.0,6.0,8.0,12.0,12.0,12.0,0,21.7,12.9,0.6
Smoothie,12.0,6.0,16.0,8.0,12.0,12.0,0,21.7,12.9,0.6
Tea,1.5,6.0,4.5,1.5,4.5,4.5,0,21.7,12.9,0.6
Smoothie,12.0,6.0,12.0,16.0,8.0,20.0,0,21.7,12.9,0.6
Sandwich,12.0,6.0,4.0,8.0,4.0,,0,21.7,12.9,0.6
Cake/Juice,9.0,6.0,12.0,9.0,9.0,3.0,0,21.7,12.9,0.6
Sandwich,12.0,6.0,12.0,4.0,8.0,4.0,0,21.7,12.9,0.6
Tea,6.0,0.0,1.5,4.5,1.5,6.0,0,22.9,12.2,0.2
Tea,4.5,0.0,6.0,1.5,4.5,1.5,0,22.9,12.2,0.2
Smoothie,20.0,0.0,12.0,12.0,16.0,8.0,0,22.9,12.2,0.2
Cookie,4.0,0.0,5.0,5.0,5.0,5.0,0,22.9,12.2,0.2
Coffee,10.0,0.0,2.0,2.0,2.0,4.0,0,22.9,12.2,0.2
Cake,12.0,0.0,12.0,12.0,12.0,12.0,0,22.9,12.2,0.2
Salad,20.0,1.0,25.0,10.0,,20.0,0,19.3,11.0,0.0
Coffee,10.0,1.0,10.0,2.0,2.0,2.0,0,19.3,11.0,0.0
Sandwich/Smoothie,12.0,1.0,8.0,12.0,16.0,8.0,0,19.3,11.0,0.0
Tea,7.5,1.0,4.5,6.0,1.5,3.0,0,19.3,11.0,0.0
Cake,3.0,1.0,12.0,12.0,12.0,9.0,0,19.3,11.0,0.0
Tea,1.5,2.0,7.5,4.5,6.0,4.5,0,21.8,9.8,0.7
Smoothie,16.0,2.0,20.0,12.0,12.0,12.0,0,21.8,9.8,0.7
Salad,5.0,2.0,20.0,25.0,10.0,10.0,0,21.8,9.8,0.7
Tea,1.5,2.0,1.5,7.5,4.5,1.5,0,21.8,9.8,0.7
Sandwich,4.0,2.0,12.0,12.0,4.0,8.0,0,21.8,9.8,0.7
Tea,1.5,2.0,1.5,1.5,7.5,4.5,0,21.8,9.8,0.7
Tea,6.0,2.0,1.5,1.5,1.5,1.5,0,21.8,9.8,0.7
Sandwich,4.0,2.0,4.0,12.0,12.0,16.0,0,21.8,9.8,0.7
Cake,3.0,3.0,3.0,12.0,12.0,15.0,0,19.1,10.0,0.0
Juice,3.0,3.0,9.0,3.0,3.0,12.0,0,19.1,10.0,0.0
Salad,10.0,3.0,5.0,20.0,25.0,5.0,0,19.1,10.0,0.0
Smoothie,20.0,4.0,16.0,20.0,12.0,12.0,0,22.1,9.9,0.0
Coffee,10.0,4.0,10.0,10.0,2.0,2.0,0,22.1,9.9,0.0
Cake,6.0,4.0,3.0,3.0,12.0,9.0,0,22.1,9.9,0.0
Smoothie,12.0,4.0,20.0,16.0,20.0,8.0,0,22.1,9.9,0.0
Sandwich,4.0,5.0,4.0,4.0,12.0,4.0,0,24.2,9.8,0.0
Tea,3.0,5.0,6.0,1.5,1.5,6.0,0,24.2,9.8,0.0
Juice,12.0,5.0,3.0,9.0,3.0,9.0,0,24.2,9.8,0.0
Cookie,1.0,5.0,4.0,5.0,5.0,1.0,0,24.2,9.8,0.0
Sandwich/Smoothie,12.0,5.0,12.0,8.0,12.0,20.0,0,24.2,9.8,0.0
Coffee,2.0,5.0,10.0,10.0,10.0,6.0,0,24.2,9.8,0.0
Coffee,10.0,5.0,2.0,10.0,10.0,2.0,0,24.2,9.8,0.0
Sandwich,20.0,6.0,4.0,4.0,4.0,8.0,0,23.5,11.5,0.0
Sandwich,4.0,6.0,20.0,4.0,4.0,4.0,0,23.5,11.5,0.0
Salad,5.0,6.0,10.0,5.0,20.0,5.0,0,23.5,11.5,0.0
Sandwich,8.0,6.0,4.0,20.0,4.0,12.0,0,23.5,11.5,0.0
Salad,15.0,6.0,5.0,10.0,5.0,,0,23.5,11.5,0.0
Cake,12.0,6.0,6.0,3.0,3.0,12.0,0,23.5,11.5,0.0
Salad,25.0,0.0,15.0,5.0,10.0,10.0,1,24.6,13.7,0.0
Tea,1.5,0.0,3.0,6.0,1.5,4.5,1,24.6,13.7,0.0
Sandwich,8.0,0.0,8.0,4.0,20.0,12.0,1,24.6,13.7,0.0
Coffee,4.0,0.0,10.0,2.0,10.0,2.0,1,24.6,13.7,0.0
Sandwich,4.0,0.0,8.0,8.0,4.0,4.0,1,24.6,13.7,0.0
Juice,15.0,0.0,12.0,3.0,9.0,12.0,1,24.6,13.7,0.0
Cake/Juice,9.0,0.0,9.0,12.0,9.0,15.0,1,24.6,13.7,0.0
Cake,3.0,1.0,12.0,6.0,3.0,12.0,0,20.2,11.6,0.0
Coffee,2.0,1.0,4.0,10.0,2.0,2.0,0,20.2,11.6,0.0
Tea,7.5,2.0,1.5,3.0,6.0,7.5,0,22.5,10.6,0.0
Salad,25.0,2.0,25.0,15.0,5.0,25.0,0,22.5,10.6,0.0
Smoothie,4.0,2.0,12.0,20.0,16.0,16.0,0,22.5,10.6,0.0
Juice,3.0,2.0,15.0,12.0,3.0,12.0,0,22.5,10.6,0.0
Cookie,2.0,2.0,1.0,4.0,5.0,2.0,0,22.5,10.6,0.0
Sandwich,4.0,2.0,4.0,8.0,8.0,4.0,0,22.5,10.6,0.0
Coffee,2.0,3.0,2.0,4.0,10.0,10.0,0,27.3,12.2,0.0
Cookie,5.0,3.0,2.0,1.0,4.0,1.0,0,27.3,12.2,0.0
Smoothie,16.0,3.0,4.0,12.0,20.0,12.0,0,27.3,12.2,0.0
Coffee,10.0,4.0,2.0,2.0,4.0,10.0,0,30.6,15.0,0.0
Cake,15.0,4.0,3.0,12.0,6.0,12.0,0,30.6,15.0,0.0
Coffee,4.0,4.0,10.0,2.0,2.0,10.0,0,30.6,15.0,0.0
Cake,6.0,4.0,15.0,3.0,12.0,12.0,0,30.6,15.0,0.0
Tea,7.5,4.0,7.5,1.5,3.0,1.5,0,30.6,15.0,0.0
Sandwich,20.0,5.0,4.0,4.0,8.0,4.0,0,20.0,14.0,3.5
Coffee,8.0,5.0,4.0,10.0,2.0,2.0,0,20.0,14.0,3.5
Juice,3.0,5.0,3.0,15.0,12.0,3.0,0,20.0,14.0,3.5
Cookie,2.0,6.0,5.0,2.0,1.0,5.0,0,21.3,10.3,0.1
Cookie,1.0,6.0,2.0,5.0,2.0,5.0,0,21.3,10.3,0.1
Sandwich,8.0,6.0,20.0,4.0,4.0,20.0,0,21.3,10.3,0.1
Smoothie,20.0,0.0,16.0,4.0,12.0,12.0,0,23.9,11.4,0.0
Cookie,3.0,0.0,1.0,2.0,5.0,5.0,0,23.9,11.4,0.0
Cookie,2.0,0.0,3.0,1.0,2.0,4.0,0,23.9,11.4,0.0
Cookie,5.0,0.0,2.0,3.0,1.0,1.0,0,23.9,11.4,0.0
Salad,20.0,0.0,25.0,25.0,15.0,20.0,0,23.9,11.4,0.0
Coffee,10.0,0.0,8.0,4.0,10.0,10.0,0,23.9,11.4,0.0
Salad,15.0,1.0,20.0,25.0,25.0,5.0,0,25.7,14.5,0.2
Salad,10.0,1.0,15.0,20.0,25.0,10.0,0,25.7,14.5,0.2
Sandwich,20.0,1.0,8.0,20.0,4.0,4.0,0,25.7,14.5,0.2
Smoothie,4.0,1.0,20.0,16.0,4.0,20.0,0,25.7,14.5,0.2
Cookie,5.0,1.0,5.0,2.0,3.0,2.0,0,25.7,14.5,0.2
Salad,20.0,1.0,10.0,15.0,20.0,5.0,0,25.7,14.5,0.2
Sandwich,12.0,2.0,20.0,8.0,20.0,8.0,0,25.0,13.1,0.0
Tea,6.0,2.0,7.5,7.5,1.5,1.5,0,25.0,13.1,0.0
Cake/Juice,6.0,2.0,9.0,9.0,12.0,6.0,0,25.0,13.1,0.0
Sandwich,8.0,2.0,12.0,20.0,8.0,8.0,0,25.0,13.1,0.0
Cookie,1.0,2.0,5.0,5.0,2.0,5.0,0,25.0,13.1,0.0
Sandwich/Smoothie,16.0,3.0,12.0,12.0,8.0,20.0,0,22.3,10.6,0.0
Smoothie,16.0,3.0,4.0,20.0,16.0,16.0,0,22.3,10.6,0.0
Salad,15.0,3.0,20.0,10.0,15.0,15.0,0,22.3,10.6,0.0
Smoothie,16.0,3.0,16.0,4.0,20.0,20.0,0,22.3,10.6,0.0
Juice,6.0,3.0,3.0,3.0,15.0,3.0,0,22.3,10.6,0.0
Sandwich,12.0,3.0,8.0,12.0,20.0,4.0,0,22.3,10.6,0.0
Salad,15.0,3.0,15.0,20.0,10.0,25.0,0,22.3,10.6,0.0
Cookie,4.0,3.0,1.0,5.0,5.0,2.0,0,22.3,10.6,0.0
Cake,15.0,4.0,6.0,15.0,3.0,3.0,0,22.7,11.6,0.9
Cake,12.0,4.0,15.0,6.0,15.0,3.0,0,22.7,11.6,0.9
Salad,5.0,4.0,15.0,15.0,20.0,25.0,0,22.7,11.6,0.9
Sandwich,20.0,4.0,12.0,8.0,12.0,4.0,0,22.7,11.6,0.9
Cake,12.0,4.0,12.0,15.0,6.0,6.0,0,22.7,11.6,0.9
Smoothie,16.0,4.0,16.0,16.0,4.0,12.0,0,22.7,11.6,0.9
Sandwich,4.0,5.0,20.0,12.0,8.0,20.0,0,26.2,12.2,0.2
Cake,15.0,5.0,12.0,12.0,15.0,12.0,0,26.2,12.2,0.2
Salad,25.0,5.0,5.0,15.0,15.0,20.0,0,26.2,12.2,0.2
Tea,6.0,5.0,6.0,7.5,7.5,1.5,0,26.2,12.2,0.2
Salad,15.0,5.0,25.0,5.0,15.0,15.0,0,26.2,12.2,0.2
Cake/Juice,9.0,5.0,6.0,9.0,9.0,15.0,0,26.2,12.2,0.2
Cookie,1.0,5.0,4.0,1.0,5.0,1.0,0,26.2,12.2,0.2
Salad,25.0,5.0,15.0,25.0,5.0,10.0,0,26.2,12.2,0.2
Coffee,8.0,5.0,10.0,8.0,4.0,4.0,0,26.2,12.2,0.2
Smoothie,4.0,5.0,16.0,16.0,16.0,4.0,0,26.2,12.2,0.2
Salad,25.0,5.0,25.0,15.0,25.0,20.0,0,26.2,12.2,0.2
Coffee,8.0,6.0,8.0,10.0,8.0,2.0,0,27.0,16.3,0.0
Coffee,4.0,6.0,8.0,8.0,10.0,2.0,0,27.0,16.3,0.0
Salad,15.0,6.0,25.0,25.0,15.0,15.0,0,27.0,16.3,0.0
Tea,7.5,0.0,6.0,6.0,7.5,6.0,0,23.9,19.1,8.5
Tea,7.5,0.0,7.5,6.0,6.0,3.0,0,23.9,19.1,8.5
Tea,7.5,0.0,7.5,7.5,6.0,1.5,0,23.9,19.1,8.5
Cake,6.0,0.0,15.0,12.0,12.0,3.0,0,23.9,19.1,8.5
Cake,3.0,0.0,6.0,15.0,12.0,15.0,0,23.9,19.1,8.5
Cake,12.0,0.0,3.0,6.0,15.0,6.0,0,23.9,19.1,8.5
Tea,4.5,1.0,7.5,7.5,7.5,7.5,0,26.3,16.0,0.0
Salad,15.0,1.0,15.0,25.0,25.0,15.0,0,26.3,16.0,0.0
Tea,3.0,1.0,4.5,7.5,7.5,7.5,0,26.3,16.0,0.0
Salad,20.0,1.0,15.0,15.0,25.0,5.0,0,26.3,16.0,0.0
Coffee,10.0,1.0,4.0,8.0,8.0,10.0,0,26.3,16.0,0.0
Juice,15.0,1.0,6.0,3.0,3.0,9.0,0,26.3,16.0,0.0
Tea,1.5,2.0,3.0,4.5,7.5,6.0,0,24.6,14.7,9.5
Cake,6.0,2.0,12.0,3.0,6.0,15.0,0,24.6,14.7,9.5
Coffee,4.0,2.0,10.0,4.0,8.0,4.0,0,24.6,14.7,9.5
Tea,1.5,3.0,1.5,3.0,4.5,6.0,0,26.1,14.9,0.0
Juice,12.0,3.0,15.0,6.0,3.0,3.0,0,26.1,14.9,0.0
Sandwich,12.0,3.0,4.0,20.0,12.0,8.0,0,26.1,14.9,0.0
Cake,15.0,3.0,6.0,12.0,3.0,12.0,0,26.1,14.9,0.0
Cake,12.0,3.0,15.0,6.0,12.0,12.0,0,26.1,14.9,0.0
Sandwich,12.0,3.0,12.0,4.0,20.0,20.0,0,26.1,14.9,0.0
Cake/Juice,12.0,4.0,9.0,6.0,9.0,9.0,0,25.7,15.0,10.8
Cake/Juice,6.0,4.0,12.0,9.0,6.0,9.0,0,25.7,15.0,10.8
Juice,6.0,4.0,12.0,15.0,6.0,12.0,0,25.7,15.0,10.8
Sandwich,12.0,4.0,12.0,12.0,4.0,12.0,0,25.7,15.0,10.8
Salad,25.0,4.0,20.0,15.0,15.0,25.0,0,25.7,15.0,10.8
Tea,3.0,4.0,1.5,1.5,3.0,7.5,0,25.7,15.0,10.8
Tea,3.0,5.0,3.0,1.5,1.5,7.5,0,25.3,14.7,0.1
Coffee,6.0,5.0,4.0,10.0,4.0,8.0,0,25.3,14.7,0.1
Juice,15.0,5.0,6.0,12.0,15.0,15.0,0,25.3,14.7,0.1
Cake,6.0,6.0,12.0,15.0,6.0,15.0,0,26.4,15.6,0.0
Tea,7.5,6.0,3.0,3.0,1.5,7.5,0,26.4,15.6,0.0
Cake/Juice,6.0,6.0,6.0,12.0,9.0,12.0,0,26.4,15.6,0.0
Salad,15.0,6.0,25.0,20.0,15.0,15.0,0,26.4,15.6,0.0
Tea,6.0,0.0,7.5,3.0,3.0,4.5,1,25.1,16.2,1.4
Tea,1.5,0.0,6.0,7.5,3.0,3.0,1,25.1,16.2,1.4
Sandwich,16.0,0.0,12.0,12.0,12.0,8.0,1,25.1,16.2,1.4
Tea,,0.0,1.5,6.0,7.5,1.5,1,25.1,16.2,1.4
Salad,20.0,0.0,15.0,25.0,20.0,25.0,1,25.1,16.2,1.4
Sandwich,4.0,0.0,16.0,12.0,12.0,12.0,1,25.1,16.2,1.4
Salad,10.0,0.0,20.0,15.0,25.0,25.0,1,25.1,16.2,1.4
Salad,10.0,0.0,10.0,20.0,15.0,15.0,1,25.1,16.2,1.4
Tea,6.0,1.0,,1.5,6.0,1.5,0,23.4,16.3,0.0
Sandwich,16.0,1.0,4.0,16.0,12.0,20.0,0,23.4,16.3,0.0
Coffee,4.0,1.0,6.0,4.0,10.0,10.0,0,23.4,16.3,0.0
Sandwich/Smoothie,8.0,1.0,16.0,12.0,12.0,12.0,0,23.4,16.3,0.0
Salad,20.0,1.0,10.0,10.0,20.0,15.0,0,23.4,16.3,0.0
Juice,6.0,1.0,15.0,6.0,12.0,3.0,0,23.4,16.3,0.0
Salad,10.0,1.0,20.0,10.0,10.0,20.0,0,23.4,16.3,0.0
Smoothie,12.0,1.0,4.0,16.0,16.0,16.0,0,23.4,16.3,0.0
Smoothie,8.0,2.0,12.0,4.0,16.0,20.0,0,22.8,15.4,0.3
Juice,12.0,2.0,6.0,15.0,6.0,3.0,0,22.8,15.4,0.3
Smoothie,16.0,3.0,8.0,12.0,4.0,4.0,0,20.9,15.3,0.3
Smoothie,4.0,3.0,16.0,8.0,12.0,16.0,0,20.9,15.3,0.3
Salad,10.0,3.0,10.0,20.0,10.0,25.0,0,20.9,15.3,0.3
Coffee,2.0,4.0,4.0,6.0,4.0,8.0,0,22.8,16.9,12.4
Cake,12.0,4.0,6.0,12.0,15.0,6.0,0,22.8,16.9,12.4
Cake,6.0,4.0,12.0,6.0,12.0,3.0,0,22.8,16.9,12.4
Salad,20.0,4.0,10.0,10.0,20.0,15.0,0,22.8,16.9,12.4
Smoothie,16.0,4.0,4.0,16.0,8.0,16.0,0,22.8,16.9,12.4
Tea,6.0,4.0,6.0,,1.5,3.0,0,22.8,16.9,12.4
Cookie,4.0,4.0,1.0,4.0,1.0,3.0,0,22.8,16.9,12.4
Coffee,6.0,4.0,2.0,4.0,6.0,8.0,0,22.8,16.9,12.4
Juice,3.0,5.0,12.0,6.0,15.0,6.0,0,25.6,19.1,21.2
Smoothie,12.0,5.0,16.0,4.0,16.0,16.0,0,25.6,19.1,21.2
Tea,7.5,5.0,6.0,6.0,,3.0,0,25.6,19.1,21.2
Salad,5.0,5.0,20.0,10.0,10.0,20.0,0,25.6,19.1,21.2
Sandwich,4.0,5.0,16.0,4.0,16.0,4.0,0,25.6,19.1,21.2
Smoothie,12.0,6.0,12.0,16.0,4.0,4.0,0,28.4,18.5,1.9
Juice,6.0,6.0,3.0,12.0,6.0,15.0,0,28.4,18.5,1.9
Sandwich,16.0,6.0,4.0,16.0,4.0,12.0,0,28.4,18.5,1.9
Juice,15.0,0.0,6.0,3.0,12.0,12.0,0,25.4,19.0,4.6
Sandwich,8.0,0.0,16.0,4.0,16.0,12.0,0,25.4,19.0,4.6
Juice,15.0,0.0,15.0,6.0,3.0,6.0,0,25.4,19.0,4.6
Tea,3.0,0.0,7.5,6.0,6.0,7.5,0,25.4,19.0,4.6
Smoothie,8.0,1.0,12.0,12.0,16.0,12.0,0,26.2,19.3,18.7
Cookie,4.0,1.0,4.0,1.0,4.0,2.0,0,26.2,19.3,18.7
Cookie,1.0,1.0,4.0,4.0,1.0,5.0,0,26.2,19.3,18.7
Cake,15.0,1.0,6.0,12.0,6.0,12.0,0,26.2,19.3,18.7
Juice,6.0,1.0,15.0,15.0,6.0,15.0,0,26.2,19.3,18.7
Tea,3.0,2.0,3.0,7.5,6.0,6.0,0,28.5,18.8,2.1
Tea,1.5,2.0,3.0,3.0,7.5,1.5,0,28.5,18.8,2.1
Juice,6.0,2.0,6.0,15.0,15.0,6.0,0,28.5,18.8,2.1
Sandwich,4.0,2.0,8.0,16.0,4.0,12.0,0,28.5,18.8,2.1
Sandwich,12.0,2.0,4.0,8.0,16.0,16.0,0,28.5,18.8,2.1
Juice,15.0,3.0,6.0,6.0,15.0,12.0,0,28.5,16.1,0.0
Coffee,8.0,3.0,6.0,2.0,4.0,4.0,0,28.5,16.1,0.0
Coffee,4.0,3.0,8.0,6.0,2.0,10.0,0,28.5,16.1,0.0
Coffee,6.0,3.0,4.0,8.0,6.0,4.0,0,28.5,16.1,0.0
Cookie,2.0,3.0,1.0,4.0,4.0,5.0,0,28.5,16.1,0.0
Cookie,5.0,3.0,2.0,1.0,4.0,1.0,0,28.5,16.1,0.0
Salad,15.0,4.0,5.0,20.0,10.0,10.0,0,29.1,17.0,0.0
Cookie,1.0,4.0,5.0,2.0,1.0,4.0,0,29.1,17.0,0.0
Juice,6.0,4.0,15.0,6.0,6.0,3.0,0,29.1,17.0,0.0
Juice,3.0,4.0,6.0,15.0,6.0,6.0,0,29.1,17.0,0.0
Cookie,1.0,5.0,1.0,5.0,2.0,1.0,0,26.8,17.6,0.0
Salad,5.0,5.0,15.0,5.0,20.0,10.0,0,26.8,17.6,0.0
Cookie,3.0,5.0,1.0,1.0,5.0,4.0,0,26.8,17.6,0.0
Coffee,8.0,5.0,6.0,4.0,8.0,6.0,0,26.8,17.6,0.0
Tea,3.0,6.0,1.5,3.0,3.0,,0,31.1,20.2,16.1
Cake,9.0,6.0,15.0,6.0,12.0,6.0,0,31.1,20.2,16.1
Smoothie,20.0,6.0,8.0,12.0,12.0,8.0,0,31.1,20.2,16.1
Juice,12.0,6.0,3.0,6.0,15.0,15.0,0,31.1,20.2,16.1
Juice,9.0,6.0,12.0,3.0,6.0,15.0,0,31.1,20.2,16.1
Salad,25.0,6.0,5.0,15.0,5.0,20.0,0,31.1,20.2,16.1
Coffee,10.0,6.0,8.0,6.0,4.0,4.0,0,31.1,20.2,16.1
Cake,9.0,1.0,9.0,15.0,6.0,15.0,1,29.3,21.2,5.4
Coffee,10.0,1.0,10.0,8.0,6.0,2.0,1,29.3,21.2,5.4
Cake,15.0,2.0,9.0,9.0,15.0,12.0,0,32.2,20.9,0.0
Sandwich/Smoothie,16.0,2.0,8.0,16.0,12.0,16.0,0,32.2,20.9,0.0
Cake,15.0,2.0,15.0,9.0,9.0,6.0,0,32.2,20.9,0.0
Smoothie,16.0,2.0,20.0,8.0,12.0,16.0,0,32.2,20.9,0.0
Cake/Juice,6.0,2.0,6.0,6.0,12.0,9.0,0,32.2,20.9,0.0
Tea,6.0,3.0,3.0,1.5,3.0,6.0,0,31.2,21.4,0.0
Tea,6.0,3.0,6.0,3.0,1.5,6.0,0,31.2,21.4,0.0
Cake,6.0,3.0,15.0,15.0,9.0,12.0,0,31.2,21.4,0.0
Smoothie,12.0,3.0,16.0,20.0,8.0,4.0,0,31.2,21.4,0.0
Cookie,5.0,4.0,3.0,1.0,1.0,4.0,0,29.6,21.7,0.6
Juice,6.0,4.0,9.0,12.0,3.0,6.0,0,29.6,21.7,0.6
Cake/Juice,15.0,4.0,6.0,6.0,6.0,9.0,0,29.6,21.7,0.6
Cookie,1.0,4.0,5.0,3.0,1.0,1.0,0,29.6,21.7,0.6
Tea,3.0,4.0,6.0,6.0,3.0,7.5,0,29.6,21.7,0.6
Smoothie,20.0,4.0,12.0,16.0,20.0,16.0,0,29.6,21.7,0.6
Juice,6.0,5.0,6.0,9.0,12.0,6.0,0,29.5,22.4,4.4
Juice,15.0,5.0,6.0,6.0,9.0,15.0,0,29.5,22.4,4.4
Cookie,1.0,5.0,1.0,5.0,3.0,2.0,0,29.5,22.4,4.4
Cake,9.0,5.0,6.0,15.0,15.0,6.0,0,29.5,22.4,4.4
Cookie,2.0,6.0,1.0,1.0,5.0,5.0,0,26.8,21.4,18.5
Cake,12.0,6.0,9.0,6.0,15.0,15.0,0,26.8,21.4,18.5
Coffee,8.0,6.0,10.0,10.0,8.0,6.0,0,26.8,21.4,18.5
Juice,3.0,0.0,15.0,6.0,6.0,6.0,0,28.6,21.2,1.3
Sandwich,16.0,0.0,12.0,4.0,8.0,4.0,0,28.6,21.2,1.3
Sandwich,20.0,0.0,16.0,12.0,4.0,16.0,0,28.6,21.2,1.3
Sandwich,4.0,0.0,20.0,16.0,12.0,4.0,0,28.6,21.2,1.3
Sandwich/Smoothie,8.0,0.0,16.0,8.0,16.0,12.0,0,28.6,21.2,1.3
Sandwich,20.0,0.0,4.0,20.0,16.0,16.0,0,28.6,21.2,1.3
Cake,15.0,1.0,12.0,9.0,6.0,9.0,0,31.6,17.0,0.0
Cookie,1.0,1.0,2.0,1.0,1.0,1.0,0,31.6,17.0,0.0
Cake,3.0,1.0,15.0,12.0,9.0,9.0,0,31.6,17.0,0.0
Cake,6.0,1.0,3.0,15.0,12.0,15.0,0,31.6,17.0,0.0
Juice,9.0,2.0,3.0,15.0,6.0,3.0,0,32.9,19.5,0.0
Cake,3.0,2.0,6.0,3.0,15.0,15.0,0,32.9,19.5,0.0
Coffee,6.0,2.0,8.0,10.0,10.0,8.0,0,32.9,19.5,0.0
Cake/Juice,3.0,2.0,15.0,6.0,6.0,6.0,0,32.9,19.5,0.0
Cookie,1.0,2.0,1.0,2.0,1.0,1.0,0,32.9,19.5,0.0
Tea,7.5,2.0,3.0,6.0,6.0,3.0,0,32.9,19.5,0.0
Cookie,2.0,2.0,1.0,1.0,2.0,3.0,0,32.9,19.5,0.0
Sandwich,4.0,2.0,20.0,4.0,20.0,8.0,0,32.9,19.5,0.0
Smoothie,8.0,2.0,20.0,12.0,16.0,12.0,0,32.9,19.5,0.0
Smoothie,12.0,3.0,8.0,20.0,12.0,12.0,0,31.8,21.2,0.2
Cake,9.0,3.0,3.0,6.0,3.0,6.0,0,31.8,21.2,0.2
Smoothie,16.0,3.0,12.0,8.0,20.0,8.0,0,31.8,21.2,0.2
Cookie,1.0,4.0,2.0,1.0,1.0,5.0,0,28.1,21.2,36.6
Tea,6.0,4.0,7.5,3.0,6.0,3.0,0,28.1,21.2,36.6
Salad,25.0,4.0,25.0,5.0,15.0,10.0,0,28.1,21.2,36.6
Coffee,2.0,4.0,6.0,8.0,10.0,4.0,0,28.1,21.2,36.6
Tea,6.0,4.0,6.0,7.5,3.0,1.5,0,28.1,21.2,36.6
Juice,12.0,4.0,9.0,3.0,15.0,12.0,0,28.1,21.2,36.6
Cake,15.0,4.0,9.0,3.0,6.0,9.0,0,28.1,21.2,36.6
Cake,3.0,5.0,15.0,9.0,3.0,12.0,0,29.4,20.3,8.0
Smoothie,20.0,5.0,16.0,12.0,8.0,20.0,0,29.4,20.3,8.0
Smoothie,20.0,5.0,20.0,16.0,12.0,16.0,0,29.4,20.3,8.0
Cake,3.0,5.0,3.0,15.0,9.0,15.0,0,29.4,20.3,8.0
Sandwich,20.0,6.0,4.0,20.0,4.0,4.0,0,25.9,21.7,41.4
Cake,6.0,6.0,3.0,3.0,15.0,3.0,0,25.9,21.7,41.4
Coffee,2.0,6.0,2.0,6.0,8.0,6.0,0,25.9,21.7,41.4
Cake,12.0,0.0,6.0,3.0,3.0,6.0,0,31.7,19.9,0.1
Sandwich,4.0,0.0,20.0,4.0,20.0,12.0,0,31.7,19.9,0.1
Sandwich,20.0,0.0,4.0,20.0,4.0,16.0,0,31.7,19.9,0.1
Coffee,6.0,0.0,2.0,2.0,6.0,8.0,0,31.7,19.9,0.1
Cake/Juice,12.0,0.0,3.0,15.0,6.0,9.0,0,31.7,19.9,0.1
Smoothie,8.0,0.0,20.0,20.0,16.0,12.0,0,31.7,19.9,0.1
Coffee,4.0,1.0,6.0,2.0,2.0,10.0,0,29.5,21.3,8.3
Coffee,2.0,1.0,4.0,6.0,2.0,10.0,0,29.5,21.3,8.3
Salad,15.0,1.0,25.0,25.0,5.0,10.0,0,29.5,21.3,8.3
Coffee,4.0,1.0,2.0,4.0,6.0,8.0,0,29.5,21.3,8.3
Salad,25.0,1.0,15.0,25.0,25.0,20.0,0,29.5,21.3,8.3
Cake,3.0,1.0,12.0,6.0,3.0,3.0,0,29.5,21.3,8.3
Tea,3.0,1.0,6.0,6.0,7.5,3.0,0,29.5,21.3,8.3
Cookie,4.0,2.0,1.0,2.0,1.0,1.0,0,27.4,18.7,3.8
Cake,9.0,2.0,3.0,12.0,6.0,9.0,0,27.4,18.7,3.8
Juice,3.0,2.0,12.0,9.0,3.0,9.0,0,27.4,18.7,3.8
Cake/Juice,6.0,2.0,12.0,3.0,15.0,12.0,0,27.4,18.7,3.8
Sandwich,20.0,3.0,20.0,4.0,20.0,20.0,0,28.4,19.9,0.5
Juice,9.0,3.0,3.0,12.0,9.0,6.0,0,28.4,19.9,0.5
Sandwich,16.0,3.0,20.0,20.0,4.0,4.0,0,28.4,19.9,0.5
Juice,12.0,3.0,9.0,3.0,12.0,6.0,0,28.4,19.9,0.5
Juice,9.0,3.0,12.0,9.0,3.0,15.0,0,28.4,19.9,0.5
Sandwich,20.0,4.0,16.0,20.0,20.0,20.0,0,29.4,21.7,3.5
Cake,3.0,4.0,9.0,3.0,12.0,15.0,0,29.4,21.7,3.5
Cookie,1.0,4.0,4.0,1.0,2.0,1.0,0,29.4,21.7,3.5
Sandwich,8.0,4.0,20.0,16.0,20.0,4.0,0,29.4,21.7,3.5
Salad,10.0,4.0,25.0,15.0,25.0,5.0,0,29.4,21.7,3.5
Sandwich,4.0,5.0,8.0,20.0,16.0,20.0,0,28.3,18.4,0.0
Smoothie,8.0,5.0,8.0,20.0,20.0,20.0,0,28.3,18.4,0.0
Tea,1.5,5.0,3.0,6.0,6.0,6.0,0,28.3,18.4,0.0
Salad,5.0,5.0,10.0,25.0,15.0,15.0,0,28.3,18.4,0.0
Salad,5.0,5.0,5.0,10.0,25.0,5.0,0,28.3,18.4,0.0
Sandwich,4.0,5.0,4.0,8.0,20.0,4.0,0,28.3,18.4,0.0
Coffee,6.0,5.0,4.0,2.0,4.0,6.0,0,28.3,18.4,0.0
Smoothie,4.0,6.0,8.0,8.0,20.0,8.0,0,30.0,17.2,0.5
Sandwich,16.0,6.0,4.0,4.0,8.0,20.0,0,30.0,17.2,0.5
Salad,25.0,6.0,5.0,5.0,10.0,25.0,0,30.0,17.2,0.5
Sandwich/Smoothie,4.0,6.0,8.0,16.0,8.0,8.0,0,30.0,17.2,0.5
Cake/Juice,9.0,6.0,6.0,12.0,3.0,6.0,0,30.0,17.2,0.5
Smoothie,16.0,0.0,4.0,8.0,8.0,12.0,0,28.6,18.5,1.9
Salad,20.0,0.0,25.0,5.0,5.0,25.0,0,28.6,18.5,1.9
Smoothie,8.0,0.0,16.0,4.0,8.0,16.0,0,28.6,18.5,1.9
Juice,9.0,0.0,9.0,12.0,9.0,3.0,0,28.6,18.5,1.9
Tea,7.5,1.0,1.5,3.0,6.0,6.0,0,28.6,19.1,9.0
Coffee,6.0,1.0,6.0,4.0,2.0,2.0,0,28.6,19.1,9.0
Coffee,8.0,1.0,6.0,6.0,4.0,2.0,0,28.6,19.1,9.0
Smoothie,8.0,2.0,8.0,16.0,4.0,20.0,0,30.0,17.0,0.4
Cookie,1.0,2.0,1.0,4.0,1.0,2.0,0,30.0,17.0,0.4
Tea,1.5,2.0,7.5,1.5,3.0,3.0,0,30.0,17.0,0.4
Sandwich,20.0,2.0,16.0,4.0,4.0,20.0,0,30.0,17.0,0.4
Coffee,6.0,3.0,8.0,6.0,6.0,6.0,0,33.8,22.2,0.7
Smoothie,4.0,3.0,8.0,8.0,16.0,20.0,0,33.8,22.2,0.7
Sandwich/Smoothie,20.0,3.0,4.0,8.0,16.0,12.0,0,33.8,22.2,0.7
Cookie,2.0,4.0,1.0,1.0,4.0,1.0,0,34.1,21.3,0.0
Salad,15.0,4.0,20.0,25.0,5.0,15.0,0,34.1,21.3,0.0
Coffee,10.0,4.0,6.0,8.0,6.0,4.0,0,34.1,21.3,0.0
Cake/Juice,15.0,4.0,9.0,6.0,12.0,6.0,0,34.1,21.3,0.0
Smoothie,12.0,4.0,4.0,8.0,8.0,8.0,0,34.1,21.3,0.0
Cookie,1.0,5.0,2.0,1.0,1.0,1.0,0,33.8,23.2,4.3
Cookie,5.0,5.0,1.0,2.0,1.0,2.0,0,33.8,23.2,4.3
Cake,6.0,5.0,3.0,9.0,3.0,3.0,0,33.8,23.2,4.3
Tea,7.5,5.0,1.5,7.5,1.5,7.5,0,33.8,23.2,4.3
Cake,9.0,5.0,6.0,3.0,9.0,3.0,0,33.8,23.2,4.3
Coffee,8.0,5.0,10.0,6.0,8.0,2.0,0,33.8,23.2,4.3
Smoothie,4.0,5.0,12.0,4.0,8.0,8.0,0,33.8,23.2,4.3
Cookie,4.0,5.0,5.0,1.0,2.0,1.0,0,33.8,23.2,4.3
Cookie,4.0,5.0,4.0,5.0,1.0,4.0,0,33.8,23.2,4.3
Cookie,2.0,6.0,4.0,4.0,5.0,1.0,0,26.2,17.6,0.0
Cake,12.0,6.0,9.0,6.0,3.0,6.0,0,26.2,17.6,0.0
Cookie,1.0,0.0,2.0,4.0,4.0,1.0,0,29.4,15.4,0.0
Cookie,4.0,0.0,1.0,2.0,4.0,2.0,0,29.4,15.4,0.0
Cake,9.0,0.0,12.0,9.0,6.0,12.0,0,29.4,15.4,0.0
Juice,9.0,0.0,9.0,9.0,12.0,9.0,0,29.4,15.4,0.0
Sandwich,8.0,0.0,20.0,16.0,4.0,16.0,0,29.4,15.4,0.0
Sandwich,12.0,1.0,8.0,20.0,16.0,20.0,0,26.9,16.9,0.0
Smoothie,4.0,1.0,4.0,12.0,4.0,4.0,0,26.9,16.9,0.0
Cake,9.0,2.0,9.0,12.0,9.0,3.0,0,27.6,14.4,0.0
Coffee,8.0,3.0,8.0,10.0,6.0,4.0,0,26.2,15.5,0.9
Sandwich,4.0,3.0,12.0,8.0,20.0,8.0,0,26.2,15.5,0.9
Coffee,10.0,3.0,8.0,8.0,10.0,6.0,0,26.2,15.5,0.9
Salad,25.0,3.0,15.0,20.0,25.0,25.0,0,26.2,15.5,0.9
Tea,3.0,3.0,7.5,1.5,7.5,6.0,0,26.2,15.5,0.9
Coffee,4.0,3.0,10.0,8.0,8.0,6.0,0,26.2,15.5,0.9
Cookie,5.0,4.0,4.0,1.0,2.0,1.0,0,27.4,18.3,0.9
Cookie,1.0,4.0,5.0,4.0,1.0,5.0,0,27.4,18.3,0.9
Tea,7.5,4.0,3.0,7.5,1.5,6.0,0,27.4,18.3,0.9
Salad,5.0,5.0,25.0,15.0,20.0,10.0,0,30.6,18.2,0.2
Sandwich,8.0,5.0,4.0,12.0,8.0,4.0,0,30.6,18.2,0.2
Sandwich,8.0,5.0,8.0,4.0,12.0,4.0,0,30.6,18.2,0.2
Coffee,6.0,5.0,4.0,10.0,8.0,8.0,0,30.6,18.2,0.2
Coffee,10.0,5.0,6.0,4.0,10.0,6.0,0,30.6,18.2,0.2
Tea,7.5,5.0,7.5,3.0,7.5,3.0,0,30.6,18.2,0.2
Salad,25.0,6.0,5.0,25.0,15.0,5.0,0,29.8,18.0,0.0
Tea,4.5,6.0,7.5,7.5,3.0,1.5,0,29.8,18.0,0.0
Cake,6.0,6.0,9.0,9.0,12.0,9.0,0,29.8,18.0,0.0
Juice,3.0,6.0,9.0,9.0,9.0,12.0,0,29.8,18.0,0.0
Smoothie,20.0,6.0,4.0,4.0,12.0,16.0,0,29.8,18.0,0.0
Smoothie,12.0,6.0,20.0,4.0,4.0,8.0,0,29.8,18.0,0.0
Cookie,4.0,0.0,1.0,5.0,4.0,4.0,0,27.6,21.9,37.9
Smoothie,12.0,0.0,12.0,20.0,4.0,8.0,0,27.6,21.9,37.9
Juice,9.0,0.0,3.0,9.0,9.0,3.0,0,27.6,21.9,37.9
Tea,6.0,0.0,4.5,7.5,7.5,7.5,0,27.6,21.9,37.9
Salad,15.0,0.0,25.0,5.0,25.0,5.0,0,27.6,21.9,37.9
Cake,6.0,0.0,6.0,9.0,9.0,3.0,0,27.6,21.9,37.9
Smoothie,16.0,0.0,12.0,12.0,20.0,4.0,0,27.6,21.9,37.9
Sandwich,20.0,0.0,8.0,8.0,4.0,16.0,0,27.6,21.9,37.9
Tea,7.5,0.0,6.0,4.5,7.5,1.5,0,27.6,21.9,37.9
Sandwich,4.0,1.0,20.0,8.0,8.0,20.0,0,27.0,21.5,15.2
Smoothie,20.0,2.0,16.0,12.0,12.0,12.0,0,29.4,19.6,0.1
Smoothie,8.0,2.0,20.0,16.0,12.0,4.0,0,29.4,19.6,0.1
Salad,10.0,2.0,15.0,25.0,5.0,25.0,0,29.4,19.6,0.1
Tea,1.5,3.0,7.5,6.0,4.5,7.5,0,25.4,18.7,11.9
Sandwich,8.0,3.0,4.0,20.0,8.0,8.0,0,25.4,18.7,11.9
Smoothie,16.0,3.0,8.0,20.0,16.0,4.0,0,25.4,18.7,11.9
Juice,9.0,3.0,9.0,3.0,9.0,9.0,0,25.4,18.7,11.9
Tea,7.5,3.0,1.5,7.5,6.0,3.0,0,25.4,18.7,11.9
Tea,1.5,4.0,7.5,1.5,7.5,7.5,0,29.1,18.0,0.1
Smoothie,8.0,4.0,16.0,8.0,20.0,20.0,0,29.1,18.0,0.1
Salad,10.0,4.0,10.0,15.0,25.0,20.0,0,29.1,18.0,0.1
Sandwich,4.0,4.0,8.0,4.0,20.0,12.0,0,29.1,18.0,0.1
Sandwich,8.0,4.0,4.0,8.0,4.0,4.0,0,29.1,18.0,0.1
Salad,5.0,4.0,10.0,10.0,15.0,15.0,0,29.1,18.0,0.1
Coffee,10.0,4.0,10.0,6.0,4.0,10.0,0,29.1,18.0,0.1
Tea,3.0,4.0,1.5,7.5,1.5,7.5,0,29.1,18.0,0.1
Cake,9.0,5.0,6.0,6.0,9.0,6.0,0,28.0,17.0,8.6
Coffee,2.0,5.0,10.0,10.0,6.0,8.0,0,28.0,17.0,8.6
Tea,3.0,5.0,3.0,1.5,7.5,4.5,0,28.0,17.0,8.6
Cake,9.0,5.0,9.0,6.0,6.0,9.0,0,28.0,17.0,8.6
Cookie,4.0,5.0,4.0,1.0,5.0,4.0,0,28.0,17.0,8.6
Sandwich,12.0,6.0,8.0,4.0,8.0,8.0,0,30.6,21.4,2.9
Smoothie,8.0,6.0,8.0,16.0,8.0,12.0,0,30.6,21.4,2.9
Cake,12.0,6.0,9.0,9.0,6.0,12.0,0,30.6,21.4,2.9
Cookie,5.0,6.0,4.0,4.0,1.0,2.0,0,30.6,21.4,2.9
Coffee,4.0,6.0,2.0,10.0,10.0,8.0,0,30.6,21.4,2.9
Coffee,6.0,6.0,4.0,2.0,10.0,10.0,0,30.6,21.4,2.9
Coffee,10.0,0.0,6.0,4.0,2.0,4.0,0,30.8,18.6,1.3
Salad,10.0,0.0,5.0,10.0,10.0,25.0,0,30.8,18.6,1.3
Cookie,5.0,0.0,5.0,4.0,4.0,1.0,0,30.8,18.6,1.3
Juice,15.0,0.0,9.0,9.0,3.0,12.0,0,30.8,18.6,1.3
Cake,12.0,0.0,12.0,9.0,9.0,9.0,0,30.8,18.6,1.3
Cookie,1.0,0.0,5.0,5.0,4.0,4.0,0,30.8,18.6,1.3
Cake,9.0,0.0,12.0,12.0,9.0,9.0,0,30.8,18.6,1.3
Cake,6.0,1.0,9.0,12.0,12.0,6.0,0,26.9,21.1,20.3
Juice,9.0,1.0,15.0,9.0,9.0,9.0,0,26.9,21.1,20.3
Juice,6.0,1.0,9.0,15.0,9.0,9.0,0,26.9,21.1,20.3
Coffee,4.0,1.0,10.0,6.0,4.0,6.0,0,26.9,21.1,20.3
Smoothie,16.0,1.0,8.0,8.0,16.0,12.0,0,26.9,21.1,20.3
Sandwich,12.0,1.0,12.0,8.0,4.0,8.0,0,26.9,21.1,20.3
Tea,3.0,2.0,3.0,3.0,1.5,6.0,0,26.5,20.7,4.0
Sandwich,16.0,2.0,12.0,12.0,8.0,20.0,0,26.5,20.7,4.0
Sandwich,16.0,2.0,16.0,12.0,12.0,4.0,0,26.5,20.7,4.0
Cake,15.0,2.0,6.0,9.0,12.0,6.0,0,26.5,20.7,4.0
Cake,9.0,2.0,15.0,6.0,9.0,9.0,0,26.5,20.7,4.0
Tea,3.0,3.0,3.0,3.0,3.0,7.5,0,25.6,20.2,5.9
Coffee,10.0,3.0,4.0,10.0,6.0,10.0,0,25.6,20.2,5.9
Sandwich,4.0,3.0,16.0,16.0,12.0,8.0,0,25.6,20.2,5.9
Cake,3.0,3.0,9.0,15.0,6.0,9.0,0,25.6,20.2,5.9
Cookie,4.0,4.0,1.0,5.0,5.0,5.0,0,26.8,19.5,3.1
Coffee,8.0,4.0,10.0,4.0,10.0,10.0,0,26.8,19.5,3.1
Sandwich,4.0,4.0,4.0,16.0,16.0,4.0,0,26.8,19.5,3.1
Sandwich,12.0,5.0,4.0,4.0,16.0,8.0,0,26.3,15.3,0.0
Tea,6.0,5.0,3.0,3.0,3.0,1.5,0,26.3,15.3,0.0
Smoothie,20.0,5.0,16.0,8.0,8.0,16.0,0,26.3,15.3,0.0
Cookie,2.0,5.0,4.0,1.0,5.0,1.0,0,26.3,15.3,0.0
Juice,6.0,5.0,6.0,9.0,15.0,9.0,0,26.3,15.3,0.0
Coffee,4.0,5.0,8.0,10.0,4.0,2.0,0,26.3,15.3,0.0
Sandwich,4.0,5.0,12.0,4.0,4.0,12.0,0,26.3,15.3,0.0
Coffee,4.0,6.0,4.0,8.0,10.0,4.0,0,29.8,15.1,0.0
Salad,15.0,6.0,10.0,5.0,10.0,5.0,0,29.8,15.1,0.0
Cookie,4.0,6.0,2.0,4.0,1.0,4.0,0,29.8,15.1,0.0
Tea,6.0,6.0,6.0,3.0,3.0,7.5,0,29.8,15.1,0.0
Salad,20.0,6.0,15.0,10.0,5.0,25.0,0,29.8,15.1,0.0
Cookie,4.0,0.0,4.0,2.0,4.0,4.0,0,31.0,18.3,0.1
Coffee,6.0,0.0,4.0,4.0,8.0,6.0,0,31.0,18.3,0.1
Coffee,8.0,0.0,6.0,4.0,4.0,10.0,0,31.0,18.3,0.1
Juice,9.0,0.0,6.0,6.0,9.0,3.0,0,31.0,18.3,0.1
Coffee,4.0,0.0,8.0,6.0,4.0,4.0,0,31.0,18.3,0.1
Coffee,2.0,0.0,4.0,8.0,6.0,10.0,0,31.0,18.3,0.1
Salad,10.0,0.0,20.0,15.0,10.0,15.0,0,31.0,18.3,0.1
Cake,12.0,1.0,3.0,9.0,15.0,12.0,0,26.0,17.8,0.0
Tea,4.5,1.0,6.0,6.0,3.0,1.5,0,26.0,17.8,0.0
Cookie,2.0,1.0,4.0,4.0,2.0,5.0,0,26.0,17.8,0.0
Tea,1.5,1.0,4.5,6.0,6.0,3.0,0,26.0,17.8,0.0
Juice,9.0,2.0,9.0,6.0,6.0,9.0,0,25.4,15.9,0.0
Coffee,6.0,2.0,2.0,4.0,8.0,8.0,0,25.4,15.9,0.0
Sandwich/Smoothie,16.0,2.0,20.0,4.0,8.0,12.0,0,25.4,15.9,0.0
Cake,3.0,2.0,12.0,3.0,9.0,12.0,0,25.4,15.9,0.0
Sandwich/Smoothie,16.0,2.0,16.0,20.0,4.0,16.0,0,25.4,15.9,0.0
Coffee,2.0,2.0,6.0,2.0,4.0,4.0,0,25.4,15.9,0.0
Coffee,6.0,2.0,2.0,6.0,2.0,4.0,0,25.4,15.9,0.0
Cake,9.0,3.0,3.0,12.0,3.0,9.0,0,24.3,19.4,2.2
Cake/Juice,6.0,3.0,15.0,9.0,6.0,6.0,0,24.3,19.4,2.2
Cookie,2.0,3.0,2.0,4.0,4.0,5.0,0,24.3,19.4,2.2
Salad,5.0,3.0,10.0,20.0,15.0,10.0,0,24.3,19.4,2.2
Coffee,10.0,4.0,6.0,2.0,6.0,6.0,0,27.9,20.4,11.1
Cake,6.0,4.0,9.0,3.0,12.0,6.0,0,27.9,20.4,11.1
Sandwich/Smoothie,16.0,4.0,16.0,16.0,20.0,8.0,0,27.9,20.4,11.1
Tea,6.0,5.0,1.5,4.5,6.0,3.0,0,30.1,19.8,0.4
Salad,20.0,5.0,5.0,10.0,20.0,10.0,0,30.1,19.8,0.4
Sandwich,8.0,5.0,4.0,12.0,4.0,12.0,0,30.1,19.8,0.4
Cookie,3.0,5.0,2.0,2.0,4.0,1.0,0,30.1,19.8,0.4
Smoothie,20.0,5.0,20.0,16.0,8.0,20.0,0,30.1,19.8,0.4
Sandwich,4.0,6.0,8.0,4.0,12.0,16.0,0,28.2,18.3,0.5
Sandwich/Smoothie,8.0,6.0,16.0,16.0,16.0,16.0,0,28.2,18.3,0.5
Cookie,3.0,6.0,3.0,2.0,2.0,4.0,0,28.2,18.3,0.5
Sandwich,16.0,6.0,4.0,8.0,4.0,16.0,0,28.2,18.3,0.5
Salad,15.0,0.0,20.0,5.0,10.0,5.0,0,24.9,18.8,1.1
Juice,6.0,0.0,9.0,9.0,6.0,9.0,0,24.9,18.8,1.1
Salad,20.0,0.0,15.0,20.0,5.0,10.0,0,24.9,18.8,1.1
Sandwich,4.0,0.0,16.0,4.0,8.0,4.0,0,24.9,18.8,1.1
Sandwich,12.0,0.0,4.0,16.0,4.0,4.0,0,24.9,18.8,1.1
Salad,25.0,1.0,20.0,15.0,20.0,15.0,0,27.5,17.6,1.6
Sandwich,4.0,1.0,12.0,4.0,16.0,12.0,0,27.5,17.6,1.6
Cake,3.0,1.0,6.0,9.0,3.0,15.0,0,27.5,17.6,1.6
Cake,15.0,1.0,3.0,6.0,9.0,9.0,0,27.5,17.6,1.6
Cake,12.0,2.0,15.0,3.0,6.0,3.0,0,29.5,20.9,0.7
Tea,6.0,2.0,6.0,1.5,4.5,3.0,0,29.5,20.9,0.7
Coffee,10.0,2.0,10.0,6.0,2.0,8.0,0,29.5,20.9,0.7
Sandwich,12.0,3.0,4.0,12.0,4.0,4.0,0,25.0,17.0,0.0
Cake,9.0,3.0,12.0,15.0,3.0,12.0,0,25.0,17.0,0.0
Cookie,1.0,3.0,3.0,3.0,2.0,2.0,0,25.0,17.0,0.0
Juice,15.0,4.0,6.0,9.0,9.0,15.0,0,24.3,13.6,0.0
Smoothie,16.0,4.0,20.0,20.0,16.0,8.0,0,24.3,13.6,0.0
Coffee,2.0,4.0,10.0,10.0,6.0,4.0,0,24.3,13.6,0.0
Sandwich,4.0,4.0,12.0,4.0,12.0,8.0,0,24.3,13.6,0.0
Tea,3.0,4.0,6.0,6.0,1.5,3.0,0,24.3,13.6,0.0
Juice,6.0,5.0,15.0,6.0,9.0,9.0,0,26.8,12.8,0.0
Sandwich,20.0,5.0,4.0,12.0,4.0,4.0,0,26.8,12.8,0.0
Coffee,2.0,5.0,2.0,10.0,10.0,2.0,0,26.8,12.8,0.0
Cookie,2.0,5.0,1.0,3.0,3.0,4.0,0,26.8,12.8,0.0
Salad,20.0,5.0,25.0,20.0,15.0,20.0,0,26.8,12.8,0.0
Sandwich,12.0,5.0,20.0,4.0,12.0,16.0,0,26.8,12.8,0.0
Tea,7.5,6.0,3.0,6.0,6.0,6.0,0,32.2,17.9,0.3
Cake,6.0,6.0,9.0,12.0,15.0,3.0,0,32.2,17.9,0.3
Juice,9.0,6.0,6.0,15.0,6.0,6.0,0,32.2,17.9,0.3
Salad,20.0,0.0,20.0,25.0,20.0,10.0,1,33.7,19.7,1.2
Cookie,3.0,0.0,2.0,1.0,3.0,4.0,1,33.7,19.7,1.2
Sandwich,12.0,0.0,12.0,20.0,4.0,4.0,1,33.7,19.7,1.2
Salad,15.0,0.0,20.0,20.0,25.0,5.0,1,33.7,19.7,1.2
Sandwich,16.0,0.0,12.0,12.0,20.0,12.0,1,33.7,19.7,1.2
Sandwich/Smoothie,20.0,0.0,8.0,16.0,16.0,8.0,1,33.7,19.7,1.2
Coffee,10.0,1.0,2.0,2.0,10.0,6.0,0,35.2,22.0,0.0
Cake,15.0,1.0,6.0,9.0,12.0,9.0,0,35.2,22.0,0.0
Sandwich,16.0,1.0,16.0,12.0,12.0,4.0,0,35.2,22.0,0.0
Coffee,2.0,1.0,10.0,2.0,2.0,2.0,0,35.2,22.0,0.0
Tea,3.0,1.0,7.5,3.0,6.0,6.0,0,35.2,22.0,0.0
Smoothie,8.0,1.0,16.0,20.0,20.0,16.0,0,35.2,22.0,0.0
Sandwich,20.0,1.0,16.0,16.0,12.0,12.0,0,35.2,22.0,0.0
Smoothie,20.0,2.0,8.0,16.0,20.0,8.0,0,35.8,22.8,0.0
Tea,3.0,2.0,3.0,7.5,3.0,4.5,0,35.8,22.8,0.0
Cake,15.0,2.0,15.0,6.0,9.0,6.0,0,35.8,22.8,0.0
Sandwich,8.0,2.0,20.0,16.0,16.0,4.0,0,35.8,22.8,0.0
Tea,7.5,2.0,3.0,3.0,7.5,1.5,0,35.8,22.8,0.0
Cookie,1.0,2.0,3.0,2.0,1.0,2.0,0,35.8,22.8,0.0
Tea,4.5,2.0,7.5,3.0,3.0,6.0,0,35.8,22.8,0.0
Juice,9.0,3.0,9.0,6.0,15.0,6.0,0,35.1,21.4,3.8
Cake,6.0,3.0,15.0,15.0,6.0,3.0,0,35.1,21.4,3.8
Sandwich,8.0,3.0,8.0,20.0,16.0,20.0,0,35.1,21.4,3.8
Juice,15.0,4.0,9.0,9.0,6.0,9.0,0,31.6,20.3,14.3
Juice,6.0,4.0,15.0,9.0,9.0,9.0,0,31.6,20.3,14.3
Cookie,4.0,4.0,1.0,3.0,2.0,2.0,0,31.6,20.3,14.3
Sandwich,8.0,4.0,8.0,8.0,20.0,12.0,0,31.6,20.3,14.3
Juice,12.0,4.0,6.0,15.0,9.0,6.0,0,31.6,20.3,14.3
Coffee,6.0,4.0,2.0,10.0,2.0,6.0,0,31.6,20.3,14.3
Coffee,10.0,5.0,6.0,2.0,10.0,10.0,0,29.1,20.6,8.5
Sandwich,20.0,5.0,8.0,8.0,8.0,12.0,0,29.1,20.6,8.5
Cookie,5.0,5.0,4.0,1.0,3.0,3.0,0,29.1,20.6,8.5
Tea,3.0,6.0,4.5,7.5,3.0,6.0,0,24.4,19.5,16.5
Juice,15.0,6.0,12.0,6.0,15.0,15.0,0,24.4,19.5,16.5
Cake,12.0,6.0,6.0,15.0,15.0,15.0,0,24.4,19.5,16.5
Smoothie,16.0,6.0,20.0,8.0,16.0,8.0,0,24.4,19.5,16.5
Smoothie,20.0,6.0,16.0,20.0,8.0,16.0,0,24.4,19.5,16.5
Smoothie,8.0,6.0,20.0,16.0,20.0,20.0,0,24.4,19.5,16.5
Coffee,2.0,6.0,10.0,6.0,2.0,10.0,0,24.4,19.5,16.5
Tea,1.5,6.0,3.0,4.5,7.5,3.0,0,24.4,19.5,16.5
Juice,3.0,0.0,15.0,12.0,6.0,6.0,0,27.5,19.8,4.4
Coffee,8.0,0.0,2.0,10.0,6.0,2.0,0,27.5,19.8,4.4
Cake,15.0,0.0,12.0,6.0,15.0,12.0,0,27.5,19.8,4.4
Cookie,1.0,0.0,5.0,4.0,1.0,3.0,0,27.5,19.8,4.4
Smoothie,12.0,0.0,8.0,20.0,16.0,20.0,0,27.5,19.8,4.4
Salad,10.0,0.0,15.0,20.0,20.0,20.0,0,27.5,19.8,4.4
Sandwich,12.0,0.0,20.0,8.0,8.0,16.0,0,27.5,19.8,4.4
Tea,1.5,1.0,1.5,3.0,4.5,7.5,0,28.8,19.0,0.2
Sandwich,20.0,1.0,12.0,20.0,8.0,16.0,0,28.8,19.0,0.2
Sandwich,20.0,1.0,20.0,12.0,20.0,20.0,0,28.8,19.0,0.2
Tea,1.5,1.0,1.5,1.5,3.0,3.0,0,28.8,19.0,0.2
Cookie,1.0,1.0,1.0,5.0,4.0,1.0,0,28.8,19.0,0.2
Cookie,2.0,1.0,1.0,1.0,5.0,2.0,0,28.8,19.0,0.2
Smoothie,8.0,1.0,12.0,8.0,20.0,16.0,0,28.8,19.0,0.2
Cookie,5.0,2.0,2.0,1.0,1.0,3.0,0,26.5,19.6,17.1
Coffee,10.0,2.0,8.0,2.0,10.0,2.0,0,26.5,19.6,17.1
Coffee,4.0,2.0,10.0,8.0,2.0,10.0,0,26.5,19.6,17.1
Sandwich,12.0,2.0,20.0,20.0,12.0,8.0,0,26.5,19.6,17.1
Salad,25.0,3.0,10.0,15.0,20.0,15.0,0,24.9,16.9,0.0
Cookie,3.0,3.0,5.0,2.0,1.0,1.0,0,24.9,16.9,0.0
Cake,9.0,3.0,15.0,12.0,6.0,9.0,0,24.9,16.9,0.0
Cake/Juice,9.0,3.0,6.0,15.0,9.0,15.0,0,24.9,16.9,0.0
Tea,6.0,3.0,1.5,1.5,1.5,3.0,0,24.9,16.9,0.0
Smoothie,20.0,3.0,8.0,12.0,8.0,8.0,0,24.9,16.9,0.0
Tea,1.5,4.0,6.0,1.5,1.5,7.5,0,21.3,13.5,0.0
Cake,15.0,4.0,9.0,15.0,12.0,6.0,0,21.3,13.5,0.0
Tea,7.5,4.0,1.5,6.0,1.5,4.5,0,21.3,13.5,0.0
Coffee,10.0,4.0,4.0,10.0,8.0,2.0,0,21.3,13.5,0.0
Cake,9.0,4.0,15.0,9.0,15.0,15.0,0,21.3,13.5,0.0
Coffee,6.0,4.0,10.0,4.0,10.0,6.0,0,21.3,13.5,0.0
Juice,15.0,5.0,3.0,15.0,12.0,9.0,0,24.3,15.1,0.0
Sandwich/Smoothie,8.0,5.0,20.0,8.0,16.0,4.0,0,24.3,15.1,0.0
Tea,7.5,5.0,7.5,1.5,6.0,3.0,0,24.3,15.1,0.0
Cake,15.0,5.0,9.0,15.0,9.0,15.0,0,24.3,15.1,0.0
Sandwich,16.0,5.0,12.0,20.0,20.0,8.0,0,24.3,15.1,0.0
Cookie,5.0,5.0,3.0,5.0,2.0,4.0,0,24.3,15.1,0.0
Cake,6.0,5.0,15.0,9.0,15.0,6.0,0,24.3,15.1,0.0
Juice,15.0,5.0,15.0,3.0,15.0,9.0,0,24.3,15.1,0.0
Smoothie,4.0,6.0,20.0,8.0,12.0,20.0,0,24.1,11.7,0.5
Tea,3.0,6.0,7.5,7.5,1.5,1.5,0,24.1,11.7,0.5
Cookie,5.0,6.0,5.0,3.0,5.0,5.0,0,24.1,11.7,0.5
Juice,15.0,0.0,15.0,15.0,3.0,15.0,0,21.4,16.5,13.9
Smoothie,12.0,0.0,4.0,20.0,8.0,16.0,0,21.4,16.5,13.9
Sandwich,20.0,0.0,16.0,12.0,20.0,8.0,0,21.4,16.5,13.9
Cookie,4.0,0.0,5.0,5.0,3.0,1.0,0,21.4,16.5,13.9
Sandwich,8.0,0.0,20.0,16.0,12.0,20.0,0,21.4,16.5,13.9
Juice,3.0,1.0,15.0,15.0,15.0,6.0,0,23.3,13.3,0.0
Coffee,6.0,1.0,6.0,10.0,4.0,10.0,0,23.3,13.3,0.0
Sandwich,8.0,1.0,8.0,20.0,16.0,12.0,0,23.3,13.3,0.0
Tea,3.0,1.0,3.0,7.5,7.5,1.5,0,23.3,13.3,0.0
Cake,15.0,1.0,6.0,15.0,9.0,12.0,0,23.3,13.3,0.0
Sandwich,8.0,2.0,8.0,8.0,20.0,20.0,0,23.4,11.6,0.0
Sandwich,8.0,2.0,8.0,8.0,8.0,20.0,0,23.4,11.6,0.0
Cookie,2.0,2.0,4.0,5.0,5.0,1.0,0,23.4,11.6,0.0
Smoothie,16.0,2.0,12.0,4.0,20.0,20.0,0,23.4,11.6,0.0
Cake,6.0,3.0,15.0,6.0,15.0,15.0,0,22.7,11.4,0.0
Sandwich,4.0,3.0,8.0,8.0,8.0,12.0,0,22.7,11.4,0.0
Tea,3.0,3.0,3.0,3.0,7.5,1.5,0,22.7,11.4,0.0
Coffee,10.0,3.0,6.0,6.0,10.0,2.0,0,22.7,11.4,0.0
Sandwich,16.0,3.0,4.0,8.0,8.0,16.0,0,22.7,11.4,0.0
Cake,12.0,4.0,6.0,15.0,6.0,9.0,0,22.3,12.9,0.0
Smoothie,8.0,4.0,16.0,12.0,4.0,8.0,0,22.3,12.9,0.0
Smoothie,20.0,4.0,8.0,16.0,12.0,12.0,0,22.3,12.9,0.0
Cookie,1.0,4.0,2.0,4.0,5.0,2.0,0,22.3,12.9,0.0
Tea,4.5,4.0,3.0,3.0,3.0,6.0,0,22.3,12.9,0.0
Tea,6.0,4.0,4.5,3.0,3.0,1.5,0,22.3,12.9,0.0
Cake,6.0,5.0,12.0,6.0,15.0,15.0,0,16.0,13.5,42.3
Cake/Juice,12.0,5.0,9.0,6.0,15.0,3.0,0,16.0,13.5,42.3
Salad,25.0,5.0,25.0,10.0,15.0,20.0,0,16.0,13.5,42.3
Cookie,5.0,5.0,1.0,2.0,4.0,5.0,0,16.0,13.5,42.3
Salad,10.0,5.0,25.0,25.0,10.0,25.0,0,16.0,13.5,42.3
Coffee,10.0,5.0,10.0,6.0,6.0,8.0,0,16.0,13.5,42.3
Tea,7.5,5.0,6.0,4.5,3.0,7.5,0,16.0,13.5,42.3
Coffee,4.0,6.0,10.0,10.0,6.0,10.0,0,19.7,15.9,17.3
Juice,9.0,6.0,3.0,15.0,15.0,12.0,0,19.7,15.9,17.3
Tea,4.5,0.0,7.5,6.0,4.5,7.5,0,17.2,14.2,17.5
Juice,3.0,0.0,9.0,3.0,15.0,15.0,0,17.2,14.2,17.5
Coffee,8.0,0.0,4.0,10.0,10.0,4.0,0,17.2,14.2,17.5
Cookie,5.0,0.0,5.0,1.0,2.0,3.0,0,17.2,14.2,17.5
Cake,3.0,0.0,6.0,12.0,6.0,9.0,0,17.2,14.2,17.5
Coffee,4.0,0.0,8.0,4.0,10.0,10.0,0,17.2,14.2,17.5
Juice,12.0,1.0,3.0,9.0,3.0,3.0,0,16.9,13.3,8.5
Juice,12.0,1.0,12.0,3.0,9.0,15.0,0,16.9,13.3,8.5
Juice,3.0,1.0,12.0,12.0,3.0,15.0,0,16.9,13.3,8.5
Tea,7.5,1.0,4.5,7.5,6.0,3.0,0,16.9,13.3,8.5
Cake,9.0,1.0,3.0,6.0,12.0,15.0,0,16.9,13.3,8.5
Salad,20.0,1.0,10.0,25.0,25.0,20.0,0,16.9,13.3,8.5
Cake,9.0,1.0,9.0,3.0,6.0,6.0,0,16.9,13.3,8.5
Sandwich,12.0,2.0,16.0,4.0,8.0,20.0,0,17.6,9.2,0.0
Cake/Juice,6.0,3.0,12.0,9.0,6.0,12.0,0,18.6,10.6,0.1
Salad,10.0,3.0,20.0,10.0,25.0,20.0,0,18.6,10.6,0.1
Sandwich,20.0,3.0,12.0,16.0,4.0,8.0,0,18.6,10.6,0.1
Salad,25.0,4.0,10.0,20.0,10.0,15.0,0,17.0,13.1,69.9
Cookie,5.0,4.0,5.0,5.0,1.0,5.0,0,17.0,13.1,69.9
Cookie,5.0,4.0,5.0,5.0,5.0,5.0,0,17.0,13.1,69.9
Salad,5.0,5.0,25.0,10.0,20.0,10.0,0,21.6,12.9,1.0
Sandwich,20.0,5.0,20.0,12.0,16.0,8.0,0,21.6,12.9,1.0
Sandwich,20.0,5.0,20.0,20.0,12.0,8.0,0,21.6,12.9,1.0
Tea,4.5,5.0,7.5,4.5,7.5,3.0,0,21.6,12.9,1.0
Salad,5.0,6.0,5.0,25.0,10.0,25.0,0,24.9,14.0,0.0
Cake,3.0,6.0,9.0,9.0,3.0,15.0,0,24.9,14.0,0.0
Cake,9.0,6.0,3.0,9.0,9.0,6.0,0,24.9,14.0,0.0
Juice,15.0,6.0,3.0,12.0,12.0,15.0,0,24.9,14.0,0.0
Cake,15.0,6.0,9.0,3.0,9.0,12.0,0,24.9,14.0,0.0
Cake/Juice,9.0,0.0,6.0,12.0,9.0,6.0,0,25.3,15.7,0.0
Coffee,6.0,0.0,4.0,8.0,4.0,6.0,0,25.3,15.7,0.0
Coffee,4.0,0.0,6.0,4.0,8.0,6.0,0,25.3,15.7,0.0
Tea,1.5,0.0,4.5,7.5,4.5,3.0,0,25.3,15.7,0.0
Juice,12.0,0.0,15.0,3.0,12.0,3.0,0,25.3,15.7,0.0
Coffee,2.0,0.0,4.0,6.0,4.0,10.0,0,25.3,15.7,0.0
Cookie,1.0,1.0,5.0,5.0,5.0,4.0,0,27.3,13.0,0.0
Sandwich/Smoothie,4.0,1.0,8.0,20.0,8.0,20.0,0,27.3,13.0,0.0
Cake,6.0,1.0,15.0,9.0,3.0,6.0,0,27.3,13.0,0.0
Cake,6.0,1.0,6.0,15.0,9.0,3.0,0,27.3,13.0,0.0
Cookie,2.0,1.0,1.0,5.0,5.0,2.0,0,27.3,13.0,0.0
Cookie,2.0,2.0,2.0,1.0,5.0,1.0,0,27.7,14.7,0.0
Juice,3.0,2.0,12.0,15.0,3.0,9.0,0,27.7,14.7,0.0
Tea,7.5,2.0,1.5,4.5,7.5,4.5,0,27.7,14.7,0.0
Smoothie,12.0,2.0,20.0,8.0,16.0,8.0,0,27.7,14.7,0.0
Juice,15.0,2.0,3.0,12.0,15.0,3.0,0,27.7,14.7,0.0
Coffee,6.0,3.0,2.0,4.0,6.0,10.0,0,23.9,12.9,0.0
Juice,15.0,3.0,15.0,3.0,12.0,12.0,0,23.9,12.9,0.0
Cookie,3.0,3.0,2.0,2.0,1.0,5.0,0,23.9,12.9,0.0
Tea,6.0,4.0,7.5,1.5,4.5,6.0,0,22.3,17.4,2.6
Cake/Juice,9.0,4.0,9.0,6.0,12.0,9.0,0,22.3,17.4,2.6
Salad,10.0,5.0,5.0,5.0,25.0,25.0,0,20.5,11.7,60.4
Juice,15.0,5.0,15.0,15.0,3.0,12.0,0,20.5,11.7,60.4
Cookie,5.0,5.0,3.0,2.0,2.0,5.0,0,20.5,11.7,60.4
Smoothie,8.0,5.0,12.0,20.0,8.0,20.0,0,20.5,11.7,60.4
Sandwich/Smoothie,4.0,5.0,4.0,8.0,20.0,16.0,0,20.5,11.7,60.4
Tea,6.0,5.0,6.0,7.5,1.5,7.5,0,20.5,11.7,60.4
Coffee,2.0,6.0,6.0,2.0,4.0,4.0,0,16.8,9.3,0.0
Cookie,2.0,6.0,5.0,3.0,2.0,5.0,0,16.8,9.3,0.0
Juice,12.0,6.0,15.0,15.0,15.0,3.0,0,16.8,9.3,0.0
Juice,12.0,6.0,12.0,15.0,15.0,15.0,0,16.8,9.3,0.0
Cookie,3.0,6.0,2.0,5.0,3.0,5.0,0,16.8,9.3,0.0
Sandwich,12.0,6.0,20.0,20.0,20.0,8.0,0,16.8,9.3,0.0
Salad,10.0,6.0,10.0,5.0,5.0,10.0,0,16.8,9.3,0.0
Coffee,2.0,6.0,2.0,6.0,2.0,8.0,0,16.8,9.3,0.0
Cake/Juice,3.0,0.0,9.0,9.0,6.0,15.0,1,15.5,7.2,0.1
Cake,3.0,0.0,6.0,6.0,15.0,9.0,1,15.5,7.2,0.1
Salad,5.0,0.0,10.0,10.0,5.0,20.0,1,15.5,7.2,0.1
Smoothie,20.0,0.0,8.0,12.0,20.0,4.0,1,15.5,7.2,0.1
Cookie,2.0,0.0,3.0,2.0,5.0,1.0,1,15.5,7.2,0.1
Smoothie,8.0,0.0,20.0,8.0,12.0,12.0,1,15.5,7.2,0.1
Smoothie,12.0,1.0,8.0,20.0,8.0,16.0,0,17.9,7.7,0.0
Salad,15.0,1.0,5.0,10.0,10.0,10.0,0,17.9,7.7,0.0
Salad,20.0,1.0,15.0,5.0,10.0,25.0,0,17.9,7.7,0.0
Cookie,5.0,1.0,2.0,3.0,2.0,2.0,0,17.9,7.7,0.0
Cake,3.0,1.0,3.0,6.0,6.0,9.0,0,17.9,7.7,0.0
Cookie,1.0,2.0,5.0,2.0,3.0,2.0,0,20.6,8.0,0.0
Salad,10.0,2.0,20.0,15.0,5.0,5.0,0,20.6,8.0,0.0
Salad,15.0,2.0,10.0,20.0,15.0,5.0,0,20.6,8.0,0.0
Cake,9.0,2.0,3.0,3.0,6.0,3.0,0,20.6,8.0,0.0
Cake,12.0,2.0,9.0,3.0,3.0,9.0,0,20.6,8.0,0.0
Salad,20.0,2.0,15.0,10.0,20.0,10.0,0,20.6,8.0,0.0
Sandwich,20.0,2.0,12.0,20.0,20.0,4.0,0,20.6,8.0,0.0
Coffee,4.0,3.0,2.0,2.0,6.0,4.0,0,20.9,7.1,0.0
Tea,4.5,3.0,6.0,6.0,7.5,4.5,0,20.9,7.1,0.0
Tea,4.5,3.0,4.5,6.0,6.0,7.5,0,20.9,7.1,0.0
Salad,10.0,4.0,20.0,15.0,10.0,10.0,0,17.5,8.6,0.0
Cake,3.0,4.0,12.0,9.0,3.0,15.0,0,17.5,8.6,0.0
Tea,1.5,4.0,4.5,4.5,6.0,4.5,0,17.5,8.6,0.0
Smoothie,4.0,4.0,12.0,8.0,20.0,8.0,0,17.5,8.6,0.0
Cookie,5.0,4.0,1.0,5.0,2.0,3.0,0,17.5,8.6,0.0
Sandwich,4.0,5.0,20.0,12.0,20.0,16.0,0,11.8,9.3,15.1
Tea,4.5,5.0,1.5,4.5,4.5,1.5,0,11.8,9.3,15.1
Salad,15.0,5.0,10.0,20.0,15.0,5.0,0,11.8,9.3,15.1
Salad,20.0,5.0,15.0,10.0,20.0,15.0,0,11.8,9.3,15.1
Cake,3.0,6.0,3.0,12.0,9.0,6.0,0,16.5,9.4,1.2
Cookie,3.0,6.0,5.0,1.0,5.0,5.0,0,16.5,9.4,1.2
Cookie,4.0,6.0,3.0,5.0,1.0,2.0,0,16.5,9.4,1.2
Cake/Juice,12.0,6.0,3.0,9.0,9.0,6.0,0,16.5,9.4,1.2
Cookie,5.0,0.0,4.0,3.0,5.0,3.0,0,17.6,6.9,0.2
Smoothie,8.0,0.0,4.0,12.0,8.0,20.0,0,17.6,6.9,0.2
Smoothie,20.0,0.0,8.0,4.0,12.0,12.0,0,17.6,6.9,0.2
Sandwich,20.0,1.0,4.0,20.0,12.0,12.0,0,16.7,8.1,0.6
Cookie,2.0,1.0,5.0,4.0,3.0,2.0,0,16.7,8.1,0.6
Tea,7.5,1.0,4.5,1.5,4.5,7.5,0,16.7,8.1,0.6
Smoothie,4.0,2.0,20.0,8.0,4.0,8.0,0,17.1,6.7,0.3
Tea,7.5,2.0,7.5,4.5,1.5,6.0,0,17.1,6.7,0.3
Salad,20.0,2.0,20.0,15.0,10.0,20.0,0,17.1,6.7,0.3
Cookie,5.0,2.0,2.0,5.0,4.0,5.0,0,17.1,6.7,0.3
Cookie,3.0,2.0,5.0,2.0,5.0,1.0,0,17.1,6.7,0.3
Smoothie,12.0,3.0,4.0,20.0,8.0,20.0,0,17.9,7.1,0.0
Cake,3.0,3.0,3.0,3.0,12.0,6.0,0,17.9,7.1,0.0
Smoothie,4.0,3.0,12.0,4.0,20.0,8.0,0,17.9,7.1,0.0
Smoothie,20.0,3.0,4.0,12.0,4.0,12.0,0,17.9,7.1,0.0
Sandwich,20.0,3.0,20.0,4.0,20.0,20.0,0,17.9,7.1,0.0
Juice,12.0,3.0,12.0,12.0,15.0,12.0,0,17.9,7.1,0.0
Salad,20.0,3.0,20.0,20.0,15.0,10.0,0,17.9,7.1,0.0
Smoothie,8.0,3.0,20.0,4.0,12.0,4.0,0,17.9,7.1,0.0
Cookie,4.0,3.0,3.0,5.0,2.0,5.0,0,17.9,7.1,0.0
Cookie,3.0,3.0,4.0,3.0,5.0,3.0,0,17.9,7.1,0.0
Tea,4.5,4.0,7.5,7.5,4.5,6.0,0,17.2,12.7,27.2
Juice,6.0,4.0,12.0,12.0,12.0,3.0,0,17.2,12.7,27.2
Salad,5.0,4.0,20.0,20.0,20.0,15.0,0,17.2,12.7,27.2
Sandwich,,4.0,20.0,20.0,4.0,20.0,0,17.2,12.7,27.2
Smoothie,8.0,4.0,8.0,20.0,4.0,8.0,0,17.2,12.7,27.2
Salad,5.0,4.0,5.0,20.0,20.0,20.0,0,17.2,12.7,27.2
Coffee,6.0,5.0,4.0,2.0,2.0,6.0,0,17.6,12.7,5.9
Cookie,3.0,5.0,3.0,4.0,3.0,4.0,0,17.6,12.7,5.9
Cookie,2.0,5.0,3.0,3.0,4.0,5.0,0,17.6,12.7,5.9
Coffee,4.0,5.0,6.0,4.0,2.0,4.0,0,17.6,12.7,5.9
Cake,6.0,5.0,3.0,3.0,3.0,3.0,0,17.6,12.7,5.9
Cake,9.0,5.0,6.0,3.0,3.0,3.0,0,17.6,12.7,5.9
Tea,3.0,6.0,4.5,7.5,7.5,4.5,0,13.8,9.0,0.0
Coffee,10.0,6.0,4.0,6.0,4.0,2.0,0,13.8,9.0,0.0
Cake,12.0,6.0,9.0,6.0,3.0,9.0,0,13.8,9.0,0.0
Cake,3.0,6.0,12.0,9.0,6.0,12.0,0,13.8,9.0,0.0
Sandwich,16.0,6.0,,20.0,20.0,20.0,0,13.8,9.0,0.0
Sandwich,4.0,6.0,16.0,,20.0,12.0,0,13.8,9.0,0.0
Juice,12.0,6.0,6.0,12.0,12.0,15.0,0,13.8,9.0,0.0
Smoothie,4.0,6.0,8.0,8.0,20.0,20.0,0,13.8,9.0,0.0
Salad,5.0,0.0,5.0,5.0,20.0,10.0,0,16.0,7.3,0.0
Coffee,10.0,0.0,10.0,4.0,6.0,6.0,0,16.0,7.3,0.0
Juice,15.0,0.0,12.0,6.0,12.0,15.0,0,16.0,7.3,0.0
Coffee,8.0,0.0,10.0,10.0,4.0,2.0,0,16.0,7.3,0.0
Cake,12.0,0.0,3.0,12.0,9.0,3.0,0,16.0,7.3,0.0
Cake/Juice,3.0,0.0,12.0,3.0,9.0,9.0,0,16.0,7.3,0.0
Salad,5.0,0.0,5.0,5.0,5.0,15.0,0,16.0,7.3,0.0
Sandwich,20.0,1.0,4.0,16.0,,20.0,0,17.6,4.2,0.0
Tea,3.0,1.0,3.0,4.5,7.5,4.5,0,17.6,4.2,0.0
Cookie,2.0,1.0,2.0,3.0,3.0,2.0,0,17.6,4.2,0.0
Sandwich,20.0,1.0,20.0,4.0,16.0,4.0,0,17.6,4.2,0.0
Cake,9.0,1.0,12.0,3.0,12.0,3.0,0,17.6,4.2,0.0
Sandwich,8.0,1.0,20.0,20.0,4.0,20.0,0,17.6,4.2,0.0
Juice,6.0,1.0,15.0,12.0,6.0,15.0,0,17.6,4.2,0.0
Tea,6.0,1.0,3.0,3.0,4.5,1.5,0,17.6,4.2,0.0
Sandwich,4.0,1.0,8.0,20.0,20.0,20.0,0,17.6,4.2,0.0
Tea,3.0,1.0,6.0,3.0,3.0,4.5,0,17.6,4.2,0.0
Coffee,6.0,1.0,8.0,10.0,10.0,2.0,0,17.6,4.2,0.0
Cake,12.0,2.0,9.0,12.0,3.0,3.0,0,21.9,7.6,0.0
Cookie,1.0,2.0,2.0,2.0,3.0,5.0,0,21.9,7.6,0.0
Coffee,10.0,2.0,6.0,8.0,10.0,4.0,0,21.9,7.6,0.0
Cookie,3.0,2.0,1.0,2.0,2.0,3.0,0,21.9,7.6,0.0
Cake,15.0,2.0,12.0,9.0,12.0,6.0,0,21.9,7.6,0.0
Coffee,8.0,3.0,10.0,6.0,8.0,6.0,0,25.8,9.2,0.0
Cookie,1.0,3.0,3.0,1.0,2.0,4.0,0,25.8,9.2,0.0
Coffee,6.0,3.0,8.0,10.0,6.0,4.0,0,25.8,9.2,0.0
Tea,3.0,3.0,3.0,6.0,3.0,7.5,0,25.8,9.2,0.0
Juice,3.0,3.0,6.0,15.0,12.0,12.0,0,25.8,9.2,0.0
Coffee,8.0,3.0,6.0,8.0,10.0,10.0,0,25.8,9.2,0.0
Sandwich,12.0,3.0,4.0,8.0,20.0,,0,25.8,9.2,0.0
Coffee,6.0,3.0,8.0,6.0,8.0,10.0,0,25.8,9.2,0.0
Salad,5.0,3.0,5.0,5.0,5.0,20.0,0,25.8,9.2,0.0
Smoothie,20.0,3.0,4.0,8.0,8.0,4.0,0,25.8,9.2,0.0
Cake,15.0,3.0,15.0,12.0,9.0,9.0,0,25.8,9.2,0.0
Tea,3.0,3.0,3.0,3.0,6.0,7.5,0,25.8,9.2,0.0
Salad,10.0,4.0,5.0,5.0,5.0,20.0,0,24.5,12.3,0.0
Salad,20.0,4.0,10.0,5.0,5.0,20.0,0,24.5,12.3,0.0
Cake,12.0,4.0,15.0,15.0,12.0,12.0,0,24.5,12.3,0.0
Coffee,6.0,4.0,6.0,8.0,6.0,8.0,0,24.5,12.3,0.0
Cookie,1.0,4.0,1.0,3.0,1.0,3.0,0,24.5,12.3,0.0
Salad,5.0,5.0,20.0,10.0,5.0,5.0,0,26.9,16.2,0.0
Juice,15.0,5.0,3.0,6.0,15.0,12.0,0,26.9,16.2,0.0
Cake/Juice,15.0,5.0,3.0,12.0,3.0,12.0,0,26.9,16.2,0.0
Sandwich,16.0,5.0,12.0,4.0,8.0,16.0,0,26.9,16.2,0.0
Tea,7.5,5.0,3.0,3.0,3.0,4.5,0,26.9,16.2,0.0
Cake/Juice,9.0,5.0,15.0,3.0,12.0,6.0,0,26.9,16.2,0.0
Cake,9.0,5.0,12.0,15.0,15.0,3.0,0,26.9,16.2,0.0
Sandwich,8.0,5.0,16.0,12.0,4.0,4.0,0,26.9,16.2,0.0
Salad,15.0,5.0,5.0,20.0,10.0,5.0,0,26.9,16.2,0.0
Juice,12.0,6.0,15.0,3.0,6.0,12.0,0,16.1,10.5,6.9
Sandwich/Smoothie,12.0,6.0,4.0,4.0,8.0,16.0,0,16.1,10.5,6.9
Tea,4.5,6.0,7.5,3.0,3.0,3.0,0,16.1,10.5,6.9
Salad,25.0,0.0,15.0,5.0,20.0,5.0,0,19.0,10.2,2.0
Cookie,2.0,0.0,1.0,1.0,3.0,3.0,0,19.0,10.2,2.0
Tea,7.5,0.0,4.5,7.5,3.0,3.0,0,19.0,10.2,2.0
Sandwich,16.0,0.0,8.0,16.0,12.0,20.0,0,19.0,10.2,2.0
Salad,5.0,1.0,25.0,15.0,5.0,5.0,0,10.5,6.6,0.2
Sandwich,20.0,1.0,16.0,8.0,16.0,20.0,0,10.5,6.6,0.2
Smoothie,4.0,1.0,20.0,4.0,8.0,12.0,0,10.5,6.6,0.2
Smoothie,20.0,1.0,4.0,20.0,4.0,4.0,0,10.5,6.6,0.2
Cookie,2.0,1.0,2.0,1.0,1.0,2.0,0,10.5,6.6,0.2
Cake,6.0,2.0,9.0,12.0,15.0,12.0,0,9.6,3.3,3.5
Juice,6.0,2.0,12.0,15.0,3.0,6.0,0,9.6,3.3,3.5
Cake/Juice,12.0,2.0,9.0,15.0,3.0,9.0,0,9.6,3.3,3.5
Cake,6.0,2.0,6.0,9.0,12.0,9.0,0,9.6,3.3,3.5
Juice,12.0,2.0,6.0,12.0,15.0,12.0,0,9.6,3.3,3.5
Juice,3.0,3.0,12.0,6.0,12.0,15.0,0,9.6,-0.4,0.0
Smoothie,8.0,3.0,20.0,4.0,20.0,20.0,0,9.6,-0.4,0.0
Salad,10.0,3.0,5.0,25.0,15.0,5.0,0,9.6,-0.4,0.0
Sandwich,20.0,3.0,20.0,16.0,8.0,8.0,0,9.6,-0.4,0.0
Coffee,6.0,3.0,6.0,6.0,8.0,6.0,0,9.6,-0.4,0.0
Juice,6.0,3.0,3.0,12.0,6.0,6.0,0,9.6,-0.4,0.0
Cake,15.0,3.0,6.0,6.0,9.0,12.0,0,9.6,-0.4,0.0
Juice,12.0,4.0,6.0,3.0,12.0,3.0,0,13.0,0.2,0.0
Cookie,2.0,4.0,2.0,2.0,1.0,2.0,0,13.0,0.2,0.0
Cookie,1.0,4.0,2.0,2.0,2.0,1.0,0,13.0,0.2,0.0
Sandwich/Smoothie,4.0,4.0,12.0,4.0,4.0,16.0,0,13.0,0.2,0.0
Salad,20.0,4.0,10.0,5.0,25.0,10.0,0,13.0,0.2,0.0
Sandwich,16.0,4.0,20.0,20.0,16.0,4.0,0,13.0,0.2,0.0
Smoothie,20.0,4.0,8.0,20.0,4.0,8.0,0,13.0,0.2,0.0
Juice,15.0,5.0,12.0,6.0,3.0,15.0,0,14.9,3.5,0.0
Cake,12.0,5.0,15.0,6.0,6.0,15.0,0,14.9,3.5,0.0
Salad,15.0,5.0,20.0,10.0,5.0,20.0,0,14.9,3.5,0.0
Tea,3.0,5.0,7.5,4.5,7.5,6.0,0,14.9,3.5,0.0
Coffee,4.0,5.0,6.0,6.0,6.0,10.0,0,14.9,3.5,0.0
Coffee,2.0,5.0,4.0,6.0,6.0,8.0,0,14.9,3.5,0.0
Smoothie,8.0,6.0,20.0,8.0,20.0,8.0,0,16.9,4.4,0.0
Juice,3.0,6.0,15.0,12.0,6.0,12.0,0,16.9,4.4,0.0
Cookie,1.0,0.0,1.0,2.0,2.0,3.0,0,12.0,3.8,0.1
Juice,6.0,0.0,3.0,15.0,12.0,6.0,0,12.0,3.8,0.1
Salad,15.0,0.0,15.0,20.0,10.0,5.0,0,12.0,3.8,0.1
Cake,15.0,0.0,12.0,15.0,6.0,15.0,0,12.0,3.8,0.1
Cake,3.0,0.0,15.0,12.0,15.0,12.0,0,12.0,3.8,0.1
Juice,15.0,0.0,6.0,3.0,15.0,12.0,0,12.0,3.8,0.1
Cookie,2.0,0.0,1.0,1.0,2.0,1.0,0,12.0,3.8,0.1
Juice,3.0,0.0,15.0,6.0,3.0,3.0,0,12.0,3.8,0.1
Cake,3.0,0.0,3.0,15.0,12.0,9.0,0,12.0,3.8,0.1
Cookie,2.0,1.0,2.0,1.0,1.0,1.0,0,20.2,10.5,5.7
Salad,20.0,1.0,15.0,15.0,20.0,15.0,0,20.2,10.5,5.7
Cookie,4.0,1.0,2.0,2.0,1.0,2.0,0,20.2,10.5,5.7
Sandwich,4.0,1.0,16.0,20.0,20.0,12.0,0,20.2,10.5,5.7
Salad,25.0,1.0,20.0,15.0,15.0,25.0,0,20.2,10.5,5.7
Juice,9.0,1.0,3.0,15.0,6.0,6.0,0,20.2,10.5,5.7
Cookie,1.0,1.0,4.0,2.0,2.0,2.0,0,20.2,10.5,5.7
Cake/Juice,9.0,1.0,12.0,9.0,15.0,9.0,0,20.2,10.5,5.7
Salad,25.0,1.0,25.0,20.0,15.0,5.0,0,20.2,10.5,5.7
Coffee,6.0,2.0,2.0,4.0,6.0,6.0,0,10.7,4.4,0.0
Salad,20.0,2.0,25.0,25.0,20.0,10.0,0,10.7,4.4,0.0
Coffee,10.0,2.0,6.0,2.0,4.0,8.0,0,10.7,4.4,0.0
Tea,3.0,2.0,3.0,7.5,4.5,3.0,0,10.7,4.4,0.0
Cake,6.0,2.0,3.0,3.0,15.0,6.0,0,10.7,4.4,0.0
Cake,3.0,2.0,6.0,3.0,3.0,6.0,0,10.7,4.4,0.0
Sandwich,16.0,3.0,4.0,16.0,20.0,16.0,0,15.2,2.6,0.4
Cookie,1.0,3.0,1.0,4.0,2.0,2.0,0,15.2,2.6,0.4
Cake,6.0,4.0,3.0,6.0,3.0,15.0,1,10.6,5.5,0.3
Salad,15.0,4.0,20.0,25.0,25.0,20.0,1,10.6,5.5,0.3
Cookie,3.0,4.0,1.0,1.0,4.0,1.0,1,10.6,5.5,0.3
Cake,15.0,4.0,6.0,3.0,6.0,12.0,1,10.6,5.5,0.3
Smoothie,16.0,4.0,8.0,20.0,8.0,4.0,1,10.6,5.5,0.3
Tea,3.0,4.0,3.0,3.0,7.5,3.0,1,10.6,5.5,0.3
Juice,9.0,5.0,9.0,3.0,15.0,12.0,1,12.1,3.9,0.0
Juice,15.0,6.0,9.0,9.0,3.0,15.0,0,7.0,-0.3,0.0
Cake/Juice,15.0,6.0,9.0,12.0,9.0,3.0,0,7.0,-0.3,0.0
Tea,7.5,6.0,3.0,3.0,3.0,3.0,0,7.0,-0.3,0.0
Smoothie,4.0,6.0,16.0,8.0,20.0,20.0,0,7.0,-0.3,0.0
Salad,10.0,6.0,15.0,20.0,25.0,15.0,0,7.0,-0.3,0.0
Cookie,2.0,6.0,3.0,1.0,1.0,1.0,0,7.0,-0.3,0.0
Smoothie,20.0,0.0,4.0,16.0,8.0,4.0,0,8.8,-2.2,0.0
Sandwich,20.0,0.0,16.0,4.0,16.0,8.0,0,8.8,-2.2,0.0
Coffee,2.0,0.0,10.0,6.0,2.0,6.0,0,8.8,-2.2,0.0
Tea,4.5,0.0,7.5,3.0,3.0,7.5,0,8.8,-2.2,0.0
Cake,9.0,0.0,15.0,6.0,3.0,15.0,0,8.8,-2.2,0.0
Sandwich,8.0,0.0,20.0,16.0,4.0,16.0,0,8.8,-2.2,0.0
Smoothie,16.0,1.0,20.0,4.0,16.0,20.0,0,11.1,1.7,0.0
Salad,5.0,1.0,10.0,15.0,20.0,15.0,0,11.1,1.7,0.0
Cake/Juice,12.0,1.0,15.0,9.0,12.0,12.0,0,11.1,1.7,0.0
Salad,25.0,1.0,5.0,10.0,15.0,20.0,0,11.1,1.7,0.0
Salad,5.0,2.0,25.0,5.0,10.0,25.0,0,10.7,-1.2,0.0
Salad,25.0,2.0,5.0,25.0,5.0,25.0,0,10.7,-1.2,0.0
Tea,3.0,2.0,4.5,7.5,3.0,4.5,0,10.7,-1.2,0.0
Salad,15.0,2.0,25.0,5.0,25.0,20.0,0,10.7,-1.2,0.0
Cookie,1.0,2.0,2.0,3.0,1.0,2.0,0,10.7,-1.2,0.0
Cookie,1.0,2.0,1.0,2.0,3.0,2.0,0,10.7,-1.2,0.0
Salad,15.0,2.0,15.0,25.0,5.0,15.0,0,10.7,-1.2,0.0
Salad,15.0,2.0,15.0,15.0,25.0,10.0,0,10.7,-1.2,0.0
Salad,15.0,3.0,15.0,15.0,15.0,5.0,0,17.7,1.8,0.0
Sandwich,16.0,3.0,8.0,20.0,16.0,20.0,0,17.7,1.8,0.0
Cake,15.0,3.0,9.0,15.0,6.0,3.0,0,17.7,1.8,0.0
Cake,3.0,3.0,15.0,9.0,15.0,3.0,0,17.7,1.8,0.0
Juice,6.0,3.0,15.0,9.0,9.0,3.0,0,17.7,1.8,0.0
Salad,15.0,3.0,15.0,15.0,15.0,25.0,0,17.7,1.8,0.0
Sandwich/Smoothie,8.0,3.0,4.0,12.0,4.0,8.0,0,17.7,1.8,0.0
Juice,15.0,4.0,6.0,15.0,9.0,6.0,0,19.4,4.2,0.0
Cake,9.0,4.0,3.0,15.0,9.0,6.0,0,19.4,4.2,0.0
Cake,3.0,4.0,9.0,3.0,15.0,3.0,0,19.4,4.2,0.0
Smoothie,4.0,5.0,16.0,20.0,4.0,8.0,0,13.1,3.3,1.2
Juice,3.0,5.0,15.0,6.0,15.0,15.0,0,13.1,3.3,1.2
Cookie,5.0,5.0,1.0,1.0,2.0,4.0,0,13.1,3.3,1.2
Sandwich/Smoothie,8.0,5.0,8.0,4.0,12.0,20.0,0,13.1,3.3,1.2
Salad,15.0,5.0,15.0,15.0,15.0,5.0,0,13.1,3.3,1.2
Cookie,4.0,5.0,5.0,1.0,1.0,1.0,0,13.1,3.3,1.2
Coffee,6.0,6.0,2.0,10.0,6.0,6.0,0,12.3,1.0,0.0
Cookie,2.0,6.0,4.0,5.0,1.0,1.0,0,12.3,1.0,0.0
Smoothie,4.0,6.0,4.0,16.0,20.0,20.0,0,12.3,1.0,0.0
Juice,15.0,6.0,3.0,15.0,6.0,3.0,0,12.3,1.0,0.0
Coffee,8.0,0.0,6.0,2.0,10.0,6.0,0,7.0,-1.0,0.0
Smoothie,12.0,0.0,4.0,4.0,16.0,8.0,0,7.0,-1.0,0.0
Sandwich,8.0,1.0,16.0,8.0,20.0,20.0,0,8.3,-1.4,7.9
Coffee,6.0,1.0,8.0,6.0,2.0,4.0,0,8.3,-1.4,7.9
Salad,10.0,1.0,15.0,15.0,15.0,25.0,0,8.3,-1.4,7.9
Cookie,4.0,1.0,2.0,4.0,5.0,3.0,0,8.3,-1.4,7.9
Sandwich,12.0,1.0,8.0,16.0,8.0,16.0,0,8.3,-1.4,7.9
Coffee,8.0,1.0,6.0,8.0,6.0,2.0,0,8.3,-1.4,7.9
Cake,9.0,1.0,3.0,9.0,3.0,6.0,0,8.3,-1.4,7.9
Cake/Juice,15.0,1.0,12.0,15.0,9.0,3.0,0,8.3,-1.4,7.9
Cookie,3.0,1.0,4.0,2.0,4.0,2.0,0,8.3,-1.4,7.9
Tea,3.0,2.0,3.0,4.5,7.5,7.5,0,14.3,8.1,24.7
Salad,10.0,2.0,10.0,15.0,15.0,15.0,0,14.3,8.1,24.7
Sandwich,20.0,2.0,12.0,8.0,16.0,4.0,0,14.3,8.1,24.7
Smoothie,16.0,2.0,12.0,4.0,4.0,16.0,0,14.3,8.1,24.7
Cake,15.0,3.0,9.0,3.0,9.0,15.0,1,11.1,5.0,0.0
Salad,15.0,3.0,10.0,10.0,15.0,15.0,1,11.1,5.0,0.0
Smoothie,20.0,3.0,16.0,12.0,4.0,4.0,1,11.1,5.0,0.0
Sandwich,8.0,4.0,20.0,12.0,8.0,16.0,0,9.7,-0.0,0.0
Coffee,6.0,4.0,8.0,6.0,8.0,6.0,0,9.7,-0.0,0.0
Salad,25.0,4.0,15.0,10.0,10.0,15.0,0,9.7,-0.0,0.0
Cookie,3.0,4.0,3.0,4.0,2.0,1.0,0,9.7,-0.0,0.0
Salad,5.0,5.0,25.0,15.0,10.0,15.0,0,4.1,-3.2,0.0
Salad,20.0,5.0,5.0,25.0,15.0,15.0,0,4.1,-3.2,0.0
Tea,3.0,5.0,3.0,3.0,4.5,3.0,0,4.1,-3.2,0.0
Coffee,4.0,5.0,6.0,8.0,6.0,10.0,0,4.1,-3.2,0.0
Smoothie,4.0,5.0,20.0,16.0,12.0,20.0,0,4.1,-3.2,0.0
Tea,6.0,5.0,3.0,3.0,3.0,3.0,0,4.1,-3.2,0.0
Smoothie,12.0,5.0,4.0,20.0,16.0,16.0,0,4.1,-3.2,0.0
Salad,25.0,5.0,20.0,5.0,25.0,15.0,0,4.1,-3.2,0.0
Cake/Juice,12.0,5.0,15.0,12.0,15.0,15.0,0,4.1,-3.2,0.0
Salad,25.0,6.0,25.0,20.0,5.0,10.0,0,10.4,-2.7,5.5
Sandwich,16.0,6.0,8.0,20.0,12.0,20.0,0,10.4,-2.7,5.5
Cookie,1.0,6.0,3.0,3.0,4.0,1.0,0,10.4,-2.7,5.5
Tea,7.5,6.0,6.0,3.0,3.0,3.0,0,10.4,-2.7,5.5
Salad,10.0,0.0,25.0,25.0,20.0,10.0,0,12.7,2.7,4.4
Juice,15.0,0.0,15.0,3.0,15.0,9.0,0,12.7,2.7,4.4
Coffee,10.0,0.0,4.0,6.0,8.0,2.0,0,12.7,2.7,4.4
Juice,6.0,0.0,15.0,15.0,3.0,9.0,0,12.7,2.7,4.4
Sandwich,20.0,1.0,16.0,8.0,20.0,8.0,0,3.8,-1.9,0.1
Coffee,10.0,1.0,10.0,4.0,6.0,6.0,0,3.8,-1.9,0.1
Cookie,2.0,1.0,1.0,3.0,3.0,5.0,0,3.8,-1.9,0.1
Salad,25.0,1.0,10.0,25.0,25.0,15.0,0,3.8,-1.9,0.1
Juice,6.0,2.0,6.0,15.0,15.0,15.0,0,2.5,-4.5,0.0
Salad,15.0,2.0,25.0,10.0,25.0,25.0,0,2.5,-4.5,0.0
Cake/Juice,3.0,2.0,12.0,15.0,12.0,9.0,0,2.5,-4.5,0.0
Cookie,2.0,2.0,2.0,1.0,3.0,4.0,0,2.5,-4.5,0.0
Coffee,10.0,2.0,10.0,10.0,4.0,8.0,0,2.5,-4.5,0.0
Tea,7.5,2.0,7.5,6.0,3.0,7.5,0,2.5,-4.5,0.0
Salad,10.0,2.0,15.0,25.0,10.0,5.0,0,2.5,-4.5,0.0
Salad,10.0,3.0,10.0,15.0,25.0,20.0,0,9.5,-2.7,0.0
Juice,9.0,3.0,6.0,6.0,15.0,6.0,0,9.5,-2.7,0.0
Juice,12.0,3.0,9.0,6.0,6.0,15.0,0,9.5,-2.7,0.0
Tea,6.0,3.0,7.5,7.5,6.0,4.5,0,9.5,-2.7,0.0
Smoothie,4.0,3.0,12.0,4.0,20.0,4.0,0,9.5,-2.7,0.0
Smoothie,4.0,3.0,4.0,12.0,4.0,4.0,0,9.5,-2.7,0.0
Salad,25.0,4.0,10.0,10.0,15.0,25.0,0,7.7,-0.3,5.3
Juice,15.0,4.0,12.0,9.0,6.0,3.0,0,7.7,-0.3,5.3
Sandwich,16.0,4.0,20.0,16.0,8.0,16.0,0,7.7,-0.3,5.3
Sandwich,12.0,4.0,16.0,20.0,16.0,8.0,0,7.7,-0.3,5.3
Tea,4.5,4.0,6.0,7.5,7.5,3.0,0,7.7,-0.3,5.3
Tea,6.0,5.0,4.5,6.0,7.5,3.0,0,16.1,4.3,0.1
Salad,25.0,5.0,25.0,10.0,10.0,25.0,0,16.1,4.3,0.1
Smoothie,20.0,5.0,4.0,4.0,12.0,12.0,0,16.1,4.3,0.1
Smoothie,8.0,5.0,20.0,4.0,4.0,16.0,0,16.1,4.3,0.1
Sandwich,16.0,5.0,12.0,16.0,20.0,12.0,0,16.1,4.3,0.1
Smoothie,8.0,5.0,8.0,20.0,4.0,20.0,0,16.1,4.3,0.1
Cookie,5.0,6.0,2.0,2.0,1.0,2.0,0,10.0,5.6,16.2
Juice,12.0,6.0,15.0,12.0,9.0,15.0,0,10.0,5.6,16.2
Smoothie,16.0,6.0,8.0,8.0,20.0,4.0,0,10.0,5.6,16.2
Cake,9.0,6.0,15.0,9.0,3.0,9.0,0,10.0,5.6,16.2
Coffee,10.0,6.0,10.0,10.0,10.0,6.0,0,10.0,5.6,16.2
Coffee,4.0,6.0,10.0,10.0,10.0,8.0,0,10.0,5.6,16.2
Tea,6.0,6.0,6.0,4.5,6.0,3.0,0,10.0,5.6,16.2
Cake,9.0,6.0,9.0,15.0,9.0,15.0,0,10.0,5.6,16.2
Salad,25.0,0.0,25.0,25.0,10.0,10.0,0,10.8,4.7,0.0
Cookie,1.0,0.0,5.0,2.0,2.0,4.0,0,10.8,4.7,0.0
Juice,9.0,0.0,12.0,15.0,12.0,15.0,0,10.8,4.7,0.0
Coffee,6.0,0.0,4.0,10.0,10.0,6.0,0,10.8,4.7,0.0
Cookie,1.0,0.0,1.0,5.0,2.0,3.0,0,10.8,4.7,0.0
Cookie,4.0,0.0,1.0,1.0,5.0,3.0,0,10.8,4.7,0.0
Juice,3.0,1.0,9.0,12.0,15.0,6.0,0,6.5,1.4,0.0
Sandwich,20.0,1.0,16.0,12.0,16.0,20.0,0,6.5,1.4,0.0
Juice,3.0,1.0,3.0,9.0,12.0,6.0,0,6.5,1.4,0.0
Smoothie,20.0,1.0,16.0,8.0,8.0,12.0,0,6.5,1.4,0.0
Salad,20.0,1.0,25.0,25.0,25.0,25.0,0,6.5,1.4,0.0
Cake,15.0,2.0,9.0,9.0,15.0,3.0,0,4.9,-2.3,0.1
Cookie,3.0,2.0,4.0,1.0,1.0,1.0,0,4.9,-2.3,0.1
Cake,6.0,2.0,15.0,9.0,9.0,9.0,0,4.9,-2.3,0.1
Sandwich,12.0,2.0,20.0,16.0,12.0,8.0,0,4.9,-2.3,0.1
Smoothie,12.0,2.0,20.0,16.0,8.0,4.0,0,4.9,-2.3,0.1
Coffee,10.0,2.0,6.0,4.0,10.0,4.0,0,4.9,-2.3,0.1
Smoothie,8.0,2.0,12.0,20.0,16.0,4.0,0,4.9,-2.3,0.1
Cookie,3.0,2.0,3.0,4.0,1.0,2.0,0,4.9,-2.3,0.1
Salad,5.0,2.0,20.0,25.0,25.0,15.0,0,4.9,-2.3,0.1
Salad,20.0,3.0,5.0,20.0,25.0,10.0,0,3.4,-3.4,0.0
Cake,9.0,3.0,6.0,15.0,9.0,3.0,0,3.4,-3.4,0.0
Salad,20.0,3.0,20.0,5.0,20.0,10.0,0,3.4,-3.4,0.0
Smoothie,20.0,3.0,8.0,12.0,20.0,20.0,0,3.4,-3.4,0.0
Cookie,1.0,4.0,3.0,3.0,4.0,2.0,0,9.0,-2.1,0.0
Coffee,8.0,4.0,10.0,6.0,4.0,10.0,0,9.0,-2.1,0.0
Salad,25.0,4.0,20.0,20.0,5.0,25.0,0,9.0,-2.1,0.0
Coffee,4.0,4.0,8.0,10.0,6.0,10.0,0,9.0,-2.1,0.0
Tea,1.5,4.0,6.0,6.0,4.5,6.0,0,9.0,-2.1,0.0
Sandwich,20.0,5.0,12.0,20.0,16.0,16.0,0,13.4,1.0,0.0
Coffee,8.0,5.0,4.0,8.0,10.0,10.0,0,13.4,1.0,0.0
Salad,10.0,5.0,25.0,20.0,20.0,25.0,0,13.4,1.0,0.0
Coffee,4.0,5.0,8.0,4.0,8.0,10.0,0,13.4,1.0,0.0
Sandwich/Smoothie,12.0,5.0,8.0,8.0,4.0,8.0,0,13.4,1.0,0.0
Cake,12.0,5.0,9.0,6.0,15.0,9.0,0,13.4,1.0,0.0
Juice,9.0,5.0,3.0,3.0,9.0,9.0,0,13.4,1.0,0.0
Coffee,4.0,6.0,4.0,8.0,4.0,4.0,0,16.9,4.9,28.1
Sandwich,8.0,6.0,20.0,12.0,20.0,20.0,0,16.9,4.9,28.1
Juice,6.0,6.0,9.0,3.0,3.0,12.0,0,16.9,4.9,28.1
Salad,25.0,6.0,10.0,25.0,20.0,25.0,0,16.9,4.9,28.1
Juice,3.0,0.0,6.0,9.0,3.0,15.0,0,14.0,2.6,26.9
Coffee,6.0,0.0,4.0,4.0,8.0,6.0,0,14.0,2.6,26.9
Sandwich,16.0,0.0,8.0,20.0,12.0,16.0,0,14.0,2.6,26.9
Tea,7.5,0.0,1.5,6.0,6.0,7.5,0,14.0,2.6,26.9
Juice,9.0,1.0,3.0,6.0,9.0,12.0,0,6.1,-2.4,0.0
Cake,9.0,1.0,12.0,9.0,6.0,15.0,0,6.1,-2.4,0.0
Juice,3.0,1.0,9.0,3.0,6.0,9.0,0,6.1,-2.4,0.0
Tea,7.5,1.0,7.5,1.5,6.0,7.5,0,6.1,-2.4,0.0
Tea,3.0,2.0,7.5,7.5,1.5,6.0,0,7.4,-0.1,0.0
Salad,15.0,2.0,25.0,10.0,25.0,20.0,0,7.4,-0.1,0.0
Cake/Juice,15.0,2.0,3.0,12.0,15.0,12.0,0,7.4,-0.1,0.0
Smoothie,12.0,2.0,20.0,8.0,12.0,8.0,0,7.4,-0.1,0.0
Smoothie,8.0,3.0,12.0,20.0,8.0,8.0,0,4.5,-3.3,0.0
Tea,3.0,3.0,3.0,7.5,7.5,4.5,0,4.5,-3.3,0.0
Salad,25.0,3.0,15.0,25.0,10.0,5.0,0,4.5,-3.3,0.0
Juice,15.0,3.0,3.0,9.0,3.0,3.0,0,4.5,-3.3,0.0
Sandwich,8.0,3.0,16.0,8.0,20.0,12.0,0,4.5,-3.3,0.0
Coffee,4.0,3.0,6.0,4.0,4.0,10.0,0,4.5,-3.3,0.0
Cookie,3.0,4.0,1.0,3.0,3.0,5.0,0,12.4,-0.7,0.0
Smoothie,16.0,4.0,8.0,12.0,20.0,16.0,0,12.4,-0.7,0.0
Tea,4.5,4.0,3.0,3.0,7.5,6.0,0,12.4,-0.7,0.0
Cookie,4.0,4.0,3.0,1.0,3.0,1.0,0,12.4,-0.7,0.0
Juice,6.0,4.0,15.0,3.0,9.0,3.0,0,12.4,-0.7,0.0
Cake,6.0,4.0,9.0,12.0,9.0,9.0,0,12.4,-0.7,0.0
Coffee,2.0,4.0,4.0,6.0,4.0,8.0,0,12.4,-0.7,0.0
Coffee,6.0,4.0,2.0,4.0,6.0,4.0,0,12.4,-0.7,0.0
Juice,3.0,4.0,6.0,15.0,3.0,9.0,0,12.4,-0.7,0.0
Juice,9.0,5.0,3.0,6.0,15.0,6.0,0,11.4,2.8,0.0
Cake,12.0,5.0,6.0,9.0,12.0,9.0,0,11.4,2.8,0.0
Sandwich/Smoothie,16.0,5.0,12.0,8.0,8.0,4.0,0,11.4,2.8,0.0
Coffee,6.0,5.0,6.0,2.0,4.0,8.0,0,11.4,2.8,0.0
Coffee,10.0,5.0,6.0,6.0,2.0,4.0,0,11.4,2.8,0.0
Cake,3.0,5.0,12.0,6.0,9.0,15.0,0,11.4,2.8,0.0
Tea,7.5,5.0,4.5,3.0,3.0,6.0,0,11.4,2.8,0.0
Cake,3.0,6.0,3.0,12.0,6.0,6.0,0,13.0,5.1,16.8
Coffee,2.0,6.0,10.0,6.0,6.0,4.0,0,13.0,5.1,16.8
Sandwich,12.0,6.0,8.0,16.0,8.0,16.0,0,13.0,5.1,16.8
Salad,10.0,0.0,25.0,15.0,25.0,20.0,0,15.5,5.7,78.9
Sandwich/Smoothie,8.0,0.0,16.0,12.0,8.0,4.0,0,15.5,5.7,78.9
Salad,20.0,0.0,10.0,25.0,15.0,20.0,0,15.5,5.7,78.9
Sandwich,12.0,1.0,12.0,8.0,16.0,20.0,0,6.0,-1.0,0.0
Salad,5.0,1.0,20.0,10.0,25.0,25.0,0,6.0,-1.0,0.0
Coffee,6.0,1.0,2.0,10.0,6.0,6.0,0,6.0,-1.0,0.0
Tea,1.5,1.0,7.5,4.5,3.0,1.5,0,6.0,-1.0,0.0
Salad,20.0,2.0,5.0,20.0,10.0,10.0,0,7.5,-3.8,0.0
Tea,7.5,2.0,1.5,7.5,4.5,7.5,0,7.5,-3.8,0.0
Cookie,3.0,2.0,4.0,3.0,1.0,1.0,0,7.5,-3.8,0.0
Cake,12.0,2.0,3.0,3.0,12.0,9.0,0,7.5,-3.8,0.0
Tea,6.0,2.0,7.5,1.5,7.5,7.5,0,7.5,-3.8,0.0
Coffee,6.0,2.0,6.0,2.0,10.0,4.0,0,7.5,-3.8,0.0
Salad,20.0,2.0,20.0,5.0,20.0,25.0,0,7.5,-3.8,0.0
Smoothie,20.0,2.0,16.0,8.0,12.0,20.0,0,7.5,-3.8,0.0
Juice,3.0,3.0,9.0,3.0,6.0,3.0,0,4.3,-2.8,0.0
Cake,3.0,3.0,12.0,3.0,3.0,12.0,0,4.3,-2.8,0.0
Coffee,8.0,3.0,6.0,6.0,2.0,2.0,0,4.3,-2.8,0.0
Juice,9.0,3.0,3.0,9.0,3.0,9.0,0,4.3,-2.8,0.0
Coffee,8.0,3.0,8.0,6.0,6.0,6.0,0,4.3,-2.8,0.0
Cookie,1.0,3.0,3.0,4.0,3.0,4.0,0,4.3,-2.8,0.0
Cookie,4.0,3.0,1.0,3.0,4.0,3.0,0,4.3,-2.8,0.0
Cake,6.0,3.0,3.0,12.0,3.0,9.0,0,4.3,-2.8,0.0
Cake,12.0,4.0,6.0,3.0,12.0,6.0,0,2.6,-5.7,0.0
Tea,6.0,4.0,6.0,7.5,1.5,3.0,0,2.6,-5.7,0.0
Salad,5.0,4.0,20.0,20.0,5.0,15.0,0,2.6,-5.7,0.0
Juice,12.0,4.0,9.0,3.0,9.0,3.0,0,2.6,-5.7,0.0
Sandwich,16.0,4.0,12.0,12.0,8.0,12.0,0,2.6,-5.7,0.0
Coffee,2.0,4.0,8.0,8.0,6.0,6.0,0,2.6,-5.7,0.0
Cake,15.0,4.0,12.0,6.0,3.0,12.0,0,2.6,-5.7,0.0
Cake,3.0,4.0,15.0,12.0,6.0,3.0,0,2.6,-5.7,0.0
Smoothie,4.0,5.0,20.0,16.0,8.0,12.0,0,5.9,-3.5,0.5
Salad,10.0,5.0,5.0,20.0,20.0,25.0,0,5.9,-3.5,0.5
Coffee,8.0,5.0,2.0,8.0,8.0,10.0,0,5.9,-3.5,0.5
Juice,15.0,5.0,12.0,9.0,3.0,15.0,0,5.9,-3.5,0.5
Coffee,10.0,6.0,8.0,2.0,8.0,2.0,0,8.6,1.0,0.0
Sandwich,8.0,6.0,16.0,12.0,12.0,20.0,0,8.6,1.0,0.0
Smoothie,12.0,6.0,4.0,20.0,16.0,8.0,0,8.6,1.0,0.0
Tea,7.5,6.0,6.0,6.0,7.5,3.0,0,8.6,1.0,0.0
Salad,20.0,6.0,10.0,5.0,20.0,10.0,0,8.6,1.0,0.0
Smoothie,16.0,6.0,12.0,4.0,20.0,20.0,0,8.6,1.0,0.0
Coffee,10.0,0.0,10.0,8.0,2.0,6.0,1,11.5,1.2,0.0
Tea,7.5,0.0,7.5,6.0,6.0,4.5,1,11.5,1.2,0.0
Cookie,4.0,0.0,4.0,1.0,3.0,3.0,1,11.5,1.2,0.0
Tea,6.0,0.0,7.5,7.5,6.0,7.5,1,11.5,1.2,0.0
Tea,6.0,0.0,6.0,7.5,7.5,1.5,1,11.5,1.2,0.0
Sandwich/Smoothie,16.0,1.0,8.0,16.0,12.0,12.0,0,7.6,2.9,0.0
Sandwich,8.0,1.0,8.0,16.0,12.0,8.0,0,7.6,2.9,0.0
Cake,15.0,1.0,3.0,15.0,12.0,3.0,0,7.6,2.9,0.0
Tea,7.5,1.0,6.0,6.0,7.5,7.5,0,7.6,2.9,0.0
Salad,10.0,2.0,20.0,10.0,5.0,20.0,0,8.9,5.2,5.2
Cookie,4.0,2.0,4.0,4.0,1.0,1.0,0,8.9,5.2,5.2
Salad,5.0,2.0,10.0,20.0,10.0,5.0,0,8.9,5.2,5.2
Cake,12.0,2.0,15.0,3.0,15.0,12.0,0,8.9,5.2,5.2
Juice,12.0,2.0,15.0,12.0,9.0,6.0,0,8.9,5.2,5.2
Tea,7.5,2.0,7.5,6.0,6.0,6.0,0,8.9,5.2,5.2
Tea,1.5,3.0,7.5,7.5,6.0,6.0,0,11.6,8.4,40.1
Juice,3.0,3.0,12.0,15.0,12.0,3.0,0,11.6,8.4,40.1
Smoothie,16.0,3.0,16.0,12.0,4.0,12.0,0,11.6,8.4,40.1
Juice,12.0,3.0,3.0,12.0,15.0,9.0,0,11.6,8.4,40.1
Cookie,5.0,3.0,4.0,4.0,4.0,3.0,0,11.6,8.4,40.1
Cookie,2.0,3.0,5.0,4.0,4.0,4.0,0,11.6,8.4,40.1
Cake,3.0,4.0,12.0,15.0,3.0,3.0,0,13.3,7.1,0.4
Juice,3.0,4.0,12.0,3.0,12.0,3.0,0,13.3,7.1,0.4
Coffee,6.0,4.0,10.0,10.0,8.0,6.0,0,13.3,7.1,0.4
Cookie,3.0,4.0,2.0,5.0,4.0,3.0,0,13.3,7.1,0.4
Smoothie,8.0,4.0,16.0,16.0,12.0,8.0,0,13.3,7.1,0.4
Juice,6.0,4.0,3.0,12.0,3.0,9.0,0,13.3,7.1,0.4
Cake,3.0,4.0,3.0,12.0,15.0,6.0,0,13.3,7.1,0.4
Coffee,6.0,4.0,6.0,10.0,10.0,8.0,0,13.3,7.1,0.4
Cake,6.0,4.0,3.0,3.0,12.0,12.0,0,13.3,7.1,0.4
Tea,6.0,5.0,1.5,7.5,7.5,7.5,0,7.9,1.2,0.1
Sandwich/Smoothie,4.0,5.0,16.0,8.0,16.0,4.0,0,7.9,1.2,0.1
Cake,12.0,5.0,6.0,3.0,3.0,15.0,0,7.9,1.2,0.1
Tea,3.0,5.0,6.0,1.5,7.5,7.5,0,7.9,1.2,0.1
Salad,5.0,6.0,5.0,10.0,20.0,20.0,0,6.4,-2.1,0.0
Juice,3.0,6.0,6.0,3.0,12.0,12.0,0,6.4,-2.1,0.0
Smoothie,16.0,6.0,8.0,16.0,16.0,16.0,0,6.4,-2.1,0.0
Coffee,2.0,6.0,6.0,6.0,10.0,8.0,0,6.4,-2.1,0.0
Sandwich,20.0,6.0,8.0,8.0,16.0,16.0,0,6.4,-2.1,0.0
Sandwich,8.0,,20.0,8.0,8.0,8.0,0,,,
Cake,12.0,,12.0,6.0,3.0,3.0,0,,,
Cookie,5.0,,3.0,2.0,5.0,1.0,0,,,
Salad,5.0,,5.0,5.0,10.0,20.0,0,,,
Cake,12.0,,12.0,12.0,6.0,15.0,0,,,
Juice,6.0,,3.0,6.0,3.0,15.0,0,,,
Salad,10.0,,5.0,5.0,5.0,5.0,0,,,
Coffee,2.0,,2.0,6.0,6.0,2.0,0,,,
Sandwich,12.0,,8.0,20.0,8.0,12.0,0,,,
Cookie,5.0,,5.0,3.0,2.0,4.0,0,,,
Sandwich,8.0,,12.0,8.0,20.0,12.0,0,,,
Cookie,1.0,,5.0,5.0,3.0,4.0,0,,,
Tea,3.0,,3.0,6.0,1.5,6.0,0,,,
Cookie,5.0,,1.0,5.0,5.0,4.0,0,,,
Cookie,4.0,,5.0,1.0,5.0,5.0,0,,,
Juice,15.0,,6.0,3.0,6.0,12.0,0,,,
Tea,3.0,,3.0,3.0,6.0,6.0,0,,,
Cookie,4.0,,4.0,5.0,1.0,2.0,0,,,
Smoothie,12.0,,16.0,8.0,16.0,20.0,0,,,
Sandwich,16.0,,8.0,12.0,8.0,16.0,0,,,
Tea,4.5,,3.0,3.0,3.0,7.5,0,,,
Coffee,10.0,,2.0,2.0,6.0,8.0,0,,,
Coffee,8.0,,10.0,2.0,2.0,10.0,0,,,
Sandwich,12.0,,16.0,8.0,12.0,8.0,0,,,
Sandwich/Smoothie,12.0,,4.0,16.0,8.0,8.0,0,,,
Juice,6.0,,15.0,6.0,3.0,3.0,0,,,
Cookie,1.0,,4.0,4.0,5.0,3.0,0,,,
Cookie,3.0,,1.0,4.0,4.0,5.0,0,,,
Cake,6.0,,12.0,12.0,12.0,12.0,0,,,
Smoothie,20.0,,12.0,16.0,8.0,4.0,0,,,
Juice,12.0,,6.0,15.0,6.0,12.0,0,,,
Cake/Juice,12.0,,15.0,3.0,12.0,9.0,0,,,
Cake/Juice,6.0,,12.0,15.0,3.0,15.0,0,,,
Juice,12.0,,12.0,6.0,15.0,3.0,0,,,
Salad,10.0,,10.0,5.0,5.0,10.0,0,,,
Tea,3.0,,4.5,3.0,3.0,7.5,0,,,
Tea,6.0,,3.0,4.5,3.0,1.5,0,,,
Smoothie,12.0,,20.0,12.0,16.0,12.0,0,,,
Sandwich/Smoothie,16.0,,12.0,4.0,16.0,8.0,0,,,
Cake,15.0,,6.0,12.0,12.0,3.0,0,,,
Juice,15.0,,12.0,12.0,6.0,6.0,0,,,
Cookie,3.0,,3.0,1.0,4.0,5.0,0,,,
Cookie,1.0,,3.0,3.0,1.0,1.0,0,,,
Salad,25.0,,10.0,10.0,5.0,20.0,0,,,
Salad,25.0,,25.0,10.0,10.0,10.0,0,,,
Coffee,4.0,,8.0,10.0,2.0,10.0,0,,,
Tea,6.0,,6.0,3.0,4.5,6.0,0,,,
Salad,15.0,,25.0,25.0,10.0,5.0,0,,,
Juice,15.0,,15.0,12.0,12.0,3.0,0,,,
Cake,12.0,,15.0,6.0,12.0,3.0,0,,,
Salad,15.0,,15.0,25.0,25.0,5.0,0,,,
Salad,25.0,,15.0,15.0,25.0,5.0,0,,,
Tea,7.5,,6.0,6.0,3.0,3.0,0,,,
Salad,15.0,,25.0,15.0,15.0,10.0,0,,,
Coffee,4.0,,4.0,8.0,10.0,6.0,0,,,
Sandwich,16.0,,12.0,16.0,8.0,8.0,0,,,
Tea,3.0,,7.5,6.0,6.0,3.0,0,,,
Smoothie,4.0,,12.0,20.0,12.0,16.0,0,,,
Sandwich,12.0,,16.0,12.0,16.0,20.0,0,,,
Cake,6.0,,12.0,15.0,6.0,6.0,0,,,
Sandwich,20.0,,12.0,16.0,12.0,8.0,0,,,
Cake,6.0,,6.0,12.0,15.0,12.0,0,,,
Tea,7.5,,3.0,7.5,6.0,3.0,0,,,
Coffee,4.0,,4.0,4.0,8.0,6.0,0,,,
Cake,6.0,,6.0,6.0,12.0,12.0,0,,,
Cake,15.0,,6.0,6.0,6.0,12.0,0,,,
Coffee,8.0,,4.0,4.0,4.0,2.0,0,,,
Coffee,10.0,,8.0,4.0,4.0,2.0,0,,,
Smoothie,16.0,,4.0,12.0,20.0,16.0,0,,,
Cookie,1.0,,1.0,3.0,3.0,5.0,0,,,
Coffee,8.0,,10.0,8.0,4.0,10.0,0,,,
Cake,15.0,,15.0,6.0,6.0,6.0,0,,,
Salad,20.0,,15.0,25.0,15.0,10.0,0,,,
Smoothie,12.0,,16.0,4.0,12.0,8.0,0,,,
Tea,4.5,,7.5,3.0,7.5,4.5,0,,,
Cookie,1.0,,1.0,1.0,3.0,4.0,0,,,
Smoothie,12.0,,12.0,16.0,4.0,16.0,0,,,
Tea,6.0,,4.5,7.5,3.0,3.0,0,,,
Cookie,1.0,,1.0,1.0,1.0,4.0,0,,,
Cake,9.0,,15.0,15.0,6.0,15.0,0,,,
Tea,1.5,,6.0,4.5,7.5,6.0,0,,,
Salad,25.0,,20.0,15.0,25.0,25.0,0,,,
Salad,10.0,,25.0,20.0,15.0,25.0,0,,,
Coffee,2.0,,8.0,10.0,8.0,8.0,0,,,
Tea,6.0,,1.5,6.0,4.5,6.0,0,,,
Cake,6.0,,9.0,15.0,15.0,12.0,0,,,
Cake,3.0,,6.0,9.0,15.0,6.0,0,,,
Smoothie,16.0,,12.0,12.0,16.0,12.0,0,,,
Smoothie,20.0,,16.0,12.0,12.0,20.0,0,,,
Sandwich,4.0,,20.0,12.0,16.0,12.0,0,,,
Tea,6.0,,6.0,1.5,6.0,7.5,0,,,
Sandwich,8.0,,4.0,20.0,12.0,8.0,0,,,
Cake,6.0,,3.0,6.0,9.0,6.0,0,,,
Coffee,6.0,,2.0,8.0,10.0,4.0,0,,,
Sandwich,20.0,,8.0,4.0,20.0,16.0,0,,,
Smoothie,8.0,,20.0,16.0,12.0,12.0,0,,,
Salad,5.0,,10.0,25.0,20.0,15.0,0,,,
Cake,3.0,,6.0,3.0,6.0,6.0,0,,,
Cake/Juice,15.0,,6.0,12.0,15.0,12.0,0,,,
Smoothie,8.0,,8.0,20.0,16.0,4.0,0,,,
Tea,7.5,,6.0,6.0,1.5,3.0,0,,,
Cookie,5.0,,1.0,1.0,1.0,1.0,0,,,
